case_id;activity;time
mision1;T2_enter;2023-01-01 00:02:08
mision1;T2_task2;2023-01-01 00:02:57
mision1;T1_enter;2023-01-01 00:09:48
mision1;T1_task1;2023-01-01 00:10:37
mision1;T1_task3;2023-01-01 00:10:54
mision1;T2_task3;2023-01-01 00:10:54
mision1;T3_enter;2023-01-01 00:13:14
mision1;T3_task1;2023-01-01 00:14:03
mision1;T4_enter;2023-01-01 00:14:19
mision1;T4_task2;2023-01-01 00:15:08
mision1;T3_task3;2023-01-01 00:15:25
mision1;T4_task3;2023-01-01 00:15:25
mision1;T6_enter;2023-01-01 00:18:00
mision1;T6_task2;2023-01-01 00:18:49
mision1;T5_enter;2023-01-01 00:19:16
mision1;T5_task1;2023-01-01 00:20:05
mision1;T5_task3;2023-01-01 00:20:22
mision1;T6_task3;2023-01-01 00:20:22
mision1;T7_enter;2023-01-01 00:23:04
mision1;T7_task1;2023-01-01 00:23:53
mision1;T8_enter;2023-01-01 00:23:56
mision1;T8_task2;2023-01-01 00:24:45
mision1;T7_task3;2023-01-01 00:25:01
mision1;T8_task3;2023-01-01 00:25:01
mision1;T7_task4;2023-01-01 00:25:03
mision1;T8_task4;2023-01-01 00:25:03
mision2;T2_enter;2023-01-02 00:01:43
mision2;T1_enter;2023-01-02 00:03:07
mision2;T1_task1;2023-01-02 00:03:56
mision2;T2_task2;2023-01-02 00:04:46
mision2;T1_task3;2023-01-02 00:05:03
mision2;T2_task3;2023-01-02 00:05:03
mision2;T4_enter;2023-01-02 00:06:49
mision2;T4_task2;2023-01-02 00:07:38
mision2;T3_enter;2023-01-02 00:08:13
mision2;T3_task1;2023-01-02 00:09:02
mision2;T3_task3;2023-01-02 00:09:18
mision2;T4_task3;2023-01-02 00:09:18
mision2;T6_enter;2023-01-02 00:11:57
mision2;T6_task2;2023-01-02 00:12:46
mision2;T5_enter;2023-01-02 00:19:18
mision2;T5_task1;2023-01-02 00:20:07
mision2;T5_task3;2023-01-02 00:20:24
mision2;T6_task3;2023-01-02 00:20:24
mision2;T7_enter;2023-01-02 00:22:45
mision2;T7_task1;2023-01-02 00:23:34
mision2;T8_enter;2023-01-02 00:23:50
mision2;T8_task2;2023-01-02 00:24:39
mision2;T7_task3;2023-01-02 00:24:56
mision2;T8_task3;2023-01-02 00:24:56
mision2;T7_task4;2023-01-02 00:24:57
mision2;T8_task4;2023-01-02 00:24:57
mision3;T1_enter;2023-01-03 00:02:41
mision3;T1_task1;2023-01-03 00:03:30
mision3;T2_enter;2023-01-03 00:06:05
mision3;T2_task2;2023-01-03 00:06:54
mision3;T1_task3;2023-01-03 00:07:11
mision3;T2_task3;2023-01-03 00:07:11
mision3;T3_enter;2023-01-03 00:08:41
mision3;T3_task1;2023-01-03 00:09:30
mision3;T4_enter;2023-01-03 00:12:55
mision3;T4_task2;2023-01-03 00:13:44
mision3;T3_task3;2023-01-03 00:14:00
mision3;T4_task3;2023-01-03 00:14:00
mision3;T6_enter;2023-01-03 00:16:01
mision3;T6_task2;2023-01-03 00:16:50
mision3;T5_enter;2023-01-03 00:18:12
mision3;T5_task1;2023-01-03 00:19:01
mision3;T5_task3;2023-01-03 00:19:18
mision3;T6_task3;2023-01-03 00:19:18
mision3;T7_enter;2023-01-03 00:21:56
mision3;T8_enter;2023-01-03 00:22:41
mision3;T7_task1;2023-01-03 00:22:45
mision3;T8_task2;2023-01-03 00:23:30
mision3;T7_task3;2023-01-03 00:23:46
mision3;T8_task3;2023-01-03 00:23:46
mision3;T7_task4;2023-01-03 00:23:48
mision3;T8_task4;2023-01-03 00:23:48
mision4;T1_enter;2023-01-04 00:02:58
mision4;T2_enter;2023-01-04 00:03:06
mision4;T1_task1;2023-01-04 00:03:47
mision4;T2_task2;2023-01-04 00:04:38
mision4;T1_task3;2023-01-04 00:04:55
mision4;T2_task3;2023-01-04 00:04:55
mision4;T3_enter;2023-01-04 00:08:45
mision4;T3_task1;2023-01-04 00:09:34
mision4;T4_enter;2023-01-04 00:20:06
mision4;T4_task2;2023-01-04 00:20:55
mision4;T3_task3;2023-01-04 00:21:11
mision4;T4_task3;2023-01-04 00:21:11
mision4;T6_enter;2023-01-04 00:23:53
mision4;T5_enter;2023-01-04 00:24:27
mision4;T6_task2;2023-01-04 00:24:42
mision4;T5_task1;2023-01-04 00:25:16
mision4;T5_task3;2023-01-04 00:25:32
mision4;T6_task3;2023-01-04 00:25:32
mision4;T8_enter;2023-01-04 00:28:02
mision4;T8_task2;2023-01-04 00:28:51
mision4;T7_enter;2023-01-04 00:29:10
mision4;T7_task1;2023-01-04 00:29:59
mision4;T7_task3;2023-01-04 00:30:15
mision4;T8_task3;2023-01-04 00:30:15
mision4;T7_task4;2023-01-04 00:30:17
mision4;T8_task4;2023-01-04 00:30:17
mision5;T2_enter;2023-01-05 00:02:11
mision5;T2_task2;2023-01-05 00:03:00
mision5;T1_enter;2023-01-05 00:03:07
mision5;T1_task1;2023-01-05 00:03:56
mision5;T1_task3;2023-01-05 00:04:13
mision5;T2_task3;2023-01-05 00:04:13
mision5;T4_enter;2023-01-05 00:07:14
mision5;T4_task2;2023-01-05 00:08:03
mision5;T3_enter;2023-01-05 00:09:58
mision5;T3_task1;2023-01-05 00:10:47
mision5;T3_task3;2023-01-05 00:11:04
mision5;T4_task3;2023-01-05 00:11:04
mision5;T5_enter;2023-01-05 00:13:32
mision5;T5_task1;2023-01-05 00:14:21
mision5;T6_enter;2023-01-05 00:15:28
mision5;T6_task2;2023-01-05 00:16:17
mision5;T5_task3;2023-01-05 00:16:34
mision5;T6_task3;2023-01-05 00:16:34
mision5;T7_enter;2023-01-05 00:19:33
mision5;T7_task1;2023-01-05 00:20:22
mision5;T8_enter;2023-01-05 00:21:49
mision5;T8_task2;2023-01-05 00:22:38
mision5;T7_task3;2023-01-05 00:22:55
mision5;T8_task3;2023-01-05 00:22:55
mision5;T7_task4;2023-01-05 00:22:56
mision5;T8_task4;2023-01-05 00:22:56
mision6;T2_enter;2023-01-06 00:03:18
mision6;T2_task2;2023-01-06 00:04:07
mision6;T1_enter;2023-01-06 00:05:01
mision6;T1_task1;2023-01-06 00:05:50
mision6;T1_task3;2023-01-06 00:06:06
mision6;T2_task3;2023-01-06 00:06:06
mision6;T3_enter;2023-01-06 00:07:31
mision6;T3_task1;2023-01-06 00:08:20
mision6;T4_enter;2023-01-06 00:19:38
mision6;T4_task2;2023-01-06 00:20:27
mision6;T3_task3;2023-01-06 00:20:43
mision6;T4_task3;2023-01-06 00:20:43
mision6;T6_enter;2023-01-06 00:22:26
mision6;T6_task2;2023-01-06 00:23:15
mision6;T5_enter;2023-01-06 00:24:17
mision6;T5_task1;2023-01-06 00:25:06
mision6;T5_task3;2023-01-06 00:25:22
mision6;T6_task3;2023-01-06 00:25:22
mision6;T7_enter;2023-01-06 00:28:10
mision6;T7_task1;2023-01-06 00:28:59
mision6;T8_enter;2023-01-06 00:29:03
mision6;T8_task2;2023-01-06 00:29:52
mision6;T7_task3;2023-01-06 00:30:08
mision6;T8_task3;2023-01-06 00:30:08
mision6;T7_task4;2023-01-06 00:30:10
mision6;T8_task4;2023-01-06 00:30:10
mision7;T2_enter;2023-01-07 00:01:41
mision7;T1_enter;2023-01-07 00:03:42
mision7;T1_task1;2023-01-07 00:04:31
mision7;T2_task2;2023-01-07 00:05:21
mision7;T1_task3;2023-01-07 00:05:38
mision7;T2_task3;2023-01-07 00:05:38
mision7;T3_enter;2023-01-07 00:07:59
mision7;T3_task1;2023-01-07 00:08:48
mision7;T4_enter;2023-01-07 00:11:20
mision7;T4_task2;2023-01-07 00:12:09
mision7;T3_task3;2023-01-07 00:12:25
mision7;T4_task3;2023-01-07 00:12:25
mision7;T5_enter;2023-01-07 00:15:11
mision7;T5_task1;2023-01-07 00:16:00
mision7;T6_enter;2023-01-07 00:26:35
mision7;T6_task2;2023-01-07 00:27:24
mision7;T5_task3;2023-01-07 00:27:41
mision7;T6_task3;2023-01-07 00:27:41
mision7;T8_enter;2023-01-07 00:30:05
mision7;T8_task2;2023-01-07 00:30:54
mision7;T7_enter;2023-01-07 00:39:24
mision7;T7_task1;2023-01-07 00:40:13
mision7;T7_task3;2023-01-07 00:40:30
mision7;T8_task3;2023-01-07 00:40:30
mision7;T7_task4;2023-01-07 00:40:31
mision7;T8_task4;2023-01-07 00:40:31
mision8;T2_enter;2023-01-08 00:01:01
mision8;T2_task2;2023-01-08 00:01:50
mision8;T1_enter;2023-01-08 00:04:22
mision8;T1_task1;2023-01-08 00:05:11
mision8;T1_task3;2023-01-08 00:05:28
mision8;T2_task3;2023-01-08 00:05:28
mision8;T3_enter;2023-01-08 00:10:30
mision8;T3_task1;2023-01-08 00:11:19
mision8;T4_enter;2023-01-08 00:24:17
mision8;T4_task2;2023-01-08 00:25:06
mision8;T3_task3;2023-01-08 00:25:23
mision8;T4_task3;2023-01-08 00:25:23
mision8;T6_enter;2023-01-08 00:26:48
mision8;T6_task2;2023-01-08 00:27:37
mision8;T5_enter;2023-01-08 00:27:56
mision8;T5_task1;2023-01-08 00:28:45
mision8;T5_task3;2023-01-08 00:29:01
mision8;T6_task3;2023-01-08 00:29:01
mision8;T7_enter;2023-01-08 00:31:33
mision8;T8_enter;2023-01-08 00:31:37
mision8;T7_task1;2023-01-08 00:32:22
mision8;T8_task2;2023-01-08 00:32:26
mision8;T7_task3;2023-01-08 00:32:43
mision8;T8_task3;2023-01-08 00:32:43
mision8;T7_task4;2023-01-08 00:32:44
mision8;T8_task4;2023-01-08 00:32:44
mision9;T2_enter;2023-01-09 00:02:09
mision9;T2_task2;2023-01-09 00:02:58
mision9;T1_enter;2023-01-09 00:05:01
mision9;T1_task1;2023-01-09 00:05:50
mision9;T1_task3;2023-01-09 00:06:06
mision9;T2_task3;2023-01-09 00:06:06
mision9;T4_enter;2023-01-09 00:08:13
mision9;T4_task2;2023-01-09 00:09:02
mision9;T3_enter;2023-01-09 00:09:51
mision9;T3_task1;2023-01-09 00:10:40
mision9;T3_task3;2023-01-09 00:10:56
mision9;T4_task3;2023-01-09 00:10:56
mision9;T5_enter;2023-01-09 00:13:12
mision9;T5_task1;2023-01-09 00:14:01
mision9;T6_enter;2023-01-09 00:14:27
mision9;T6_task2;2023-01-09 00:15:16
mision9;T5_task3;2023-01-09 00:15:32
mision9;T6_task3;2023-01-09 00:15:32
mision9;T8_enter;2023-01-09 00:17:04
mision9;T8_task2;2023-01-09 00:17:53
mision9;T7_enter;2023-01-09 00:18:09
mision9;T7_task1;2023-01-09 00:18:58
mision9;T7_task3;2023-01-09 00:19:15
mision9;T8_task3;2023-01-09 00:19:15
mision9;T7_task4;2023-01-09 00:19:16
mision9;T8_task4;2023-01-09 00:19:16
mision10;T1_enter;2023-01-10 00:03:25
mision10;T1_task1;2023-01-10 00:04:14
mision10;T2_enter;2023-01-10 00:05:12
mision10;T2_task2;2023-01-10 00:06:01
mision10;T1_task3;2023-01-10 00:06:18
mision10;T2_task3;2023-01-10 00:06:18
mision10;T3_enter;2023-01-10 00:08:05
mision10;T3_task1;2023-01-10 00:08:54
mision10;T4_enter;2023-01-10 00:24:44
mision10;T4_task2;2023-01-10 00:25:33
mision10;T3_task3;2023-01-10 00:25:49
mision10;T4_task3;2023-01-10 00:25:49
mision10;T6_enter;2023-01-10 00:29:34
mision10;T6_task2;2023-01-10 00:30:23
mision10;T5_enter;2023-01-10 00:32:14
mision10;T5_task1;2023-01-10 00:33:03
mision10;T5_task3;2023-01-10 00:33:20
mision10;T6_task3;2023-01-10 00:33:20
mision10;T8_enter;2023-01-10 00:34:42
mision10;T8_task2;2023-01-10 00:35:31
mision10;T7_enter;2023-01-10 00:35:41
mision10;T7_task1;2023-01-10 00:36:30
mision10;T7_task3;2023-01-10 00:36:47
mision10;T8_task3;2023-01-10 00:36:47
mision10;T7_task4;2023-01-10 00:36:48
mision10;T8_task4;2023-01-10 00:36:48
mision11;T2_enter;2023-01-11 00:01:39
mision11;T1_enter;2023-01-11 00:03:57
mision11;T1_task1;2023-01-11 00:04:46
mision11;T2_task2;2023-01-11 00:05:36
mision11;T1_task3;2023-01-11 00:05:53
mision11;T2_task3;2023-01-11 00:05:53
mision11;T4_enter;2023-01-11 00:07:29
mision11;T4_task2;2023-01-11 00:08:18
mision11;T3_enter;2023-01-11 00:08:49
mision11;T3_task1;2023-01-11 00:09:38
mision11;T3_task3;2023-01-11 00:09:54
mision11;T4_task3;2023-01-11 00:09:54
mision11;T5_enter;2023-01-11 00:13:17
mision11;T6_enter;2023-01-11 00:13:26
mision11;T5_task1;2023-01-11 00:14:06
mision11;T6_task2;2023-01-11 00:14:15
mision11;T5_task3;2023-01-11 00:14:31
mision11;T6_task3;2023-01-11 00:14:31
mision11;T7_enter;2023-01-11 00:17:02
mision11;T7_task1;2023-01-11 00:17:51
mision11;T8_enter;2023-01-11 00:18:04
mision11;T8_task2;2023-01-11 00:18:53
mision11;T7_task3;2023-01-11 00:19:09
mision11;T8_task3;2023-01-11 00:19:09
mision11;T7_task4;2023-01-11 00:19:11
mision11;T8_task4;2023-01-11 00:19:11
mision12;T1_enter;2023-01-12 00:03:33
mision12;T1_task1;2023-01-12 00:04:22
mision12;T2_enter;2023-01-12 00:05:28
mision12;T2_task2;2023-01-12 00:06:17
mision12;T1_task3;2023-01-12 00:06:34
mision12;T2_task3;2023-01-12 00:06:34
mision12;T3_enter;2023-01-12 00:07:21
mision12;T3_task1;2023-01-12 00:08:10
mision12;T4_enter;2023-01-12 00:14:18
mision12;T4_task2;2023-01-12 00:15:07
mision12;T3_task3;2023-01-12 00:15:24
mision12;T4_task3;2023-01-12 00:15:24
mision12;T6_enter;2023-01-12 00:19:40
mision12;T6_task2;2023-01-12 00:20:29
mision12;T5_enter;2023-01-12 00:24:58
mision12;T5_task1;2023-01-12 00:25:47
mision12;T5_task3;2023-01-12 00:26:04
mision12;T6_task3;2023-01-12 00:26:04
mision12;T7_enter;2023-01-12 00:28:06
mision12;T7_task1;2023-01-12 00:28:55
mision12;T8_enter;2023-01-12 00:29:45
mision12;T8_task2;2023-01-12 00:30:34
mision12;T7_task3;2023-01-12 00:30:50
mision12;T8_task3;2023-01-12 00:30:50
mision12;T7_task4;2023-01-12 00:30:52
mision12;T8_task4;2023-01-12 00:30:52
mision13;T1_enter;2023-01-13 00:04:09
mision13;T2_enter;2023-01-13 00:04:58
mision13;T1_task1;2023-01-13 00:04:58
mision13;T2_task2;2023-01-13 00:05:47
mision13;T1_task3;2023-01-13 00:06:03
mision13;T2_task3;2023-01-13 00:06:03
mision13;T4_enter;2023-01-13 00:08:12
mision13;T4_task2;2023-01-13 00:09:01
mision13;T3_enter;2023-01-13 00:09:08
mision13;T3_task1;2023-01-13 00:09:57
mision13;T3_task3;2023-01-13 00:10:14
mision13;T4_task3;2023-01-13 00:10:14
mision13;T6_enter;2023-01-13 00:12:44
mision13;T5_enter;2023-01-13 00:12:58
mision13;T6_task2;2023-01-13 00:13:33
mision13;T5_task1;2023-01-13 00:13:47
mision13;T5_task3;2023-01-13 00:14:03
mision13;T6_task3;2023-01-13 00:14:03
mision13;T7_enter;2023-01-13 00:15:58
mision13;T7_task1;2023-01-13 00:16:47
mision13;T8_enter;2023-01-13 00:16:48
mision13;T8_task2;2023-01-13 00:17:37
mision13;T7_task3;2023-01-13 00:17:54
mision13;T8_task3;2023-01-13 00:17:54
mision13;T7_task4;2023-01-13 00:17:55
mision13;T8_task4;2023-01-13 00:17:55
mision14;T2_enter;2023-01-14 00:01:58
mision14;T1_enter;2023-01-14 00:02:30
mision14;T2_task2;2023-01-14 00:02:47
mision14;T1_task1;2023-01-14 00:03:19
mision14;T1_task3;2023-01-14 00:03:35
mision14;T2_task3;2023-01-14 00:03:35
mision14;T3_enter;2023-01-14 00:08:59
mision14;T4_enter;2023-01-14 00:09:15
mision14;T3_task1;2023-01-14 00:09:48
mision14;T4_task2;2023-01-14 00:10:04
mision14;T3_task3;2023-01-14 00:10:20
mision14;T4_task3;2023-01-14 00:10:20
mision14;T5_enter;2023-01-14 00:13:44
mision14;T6_enter;2023-01-14 00:14:20
mision14;T5_task1;2023-01-14 00:14:33
mision14;T6_task2;2023-01-14 00:15:09
mision14;T5_task3;2023-01-14 00:15:26
mision14;T6_task3;2023-01-14 00:15:26
mision14;T7_enter;2023-01-14 00:17:52
mision14;T7_task1;2023-01-14 00:18:41
mision14;T8_enter;2023-01-14 00:21:32
mision14;T8_task2;2023-01-14 00:22:21
mision14;T7_task3;2023-01-14 00:22:37
mision14;T8_task3;2023-01-14 00:22:37
mision14;T7_task4;2023-01-14 00:22:39
mision14;T8_task4;2023-01-14 00:22:39
mision15;T1_enter;2023-01-15 00:03:33
mision15;T2_enter;2023-01-15 00:04:15
mision15;T1_task1;2023-01-15 00:04:22
mision15;T2_task2;2023-01-15 00:05:04
mision15;T1_task3;2023-01-15 00:05:20
mision15;T2_task3;2023-01-15 00:05:20
mision15;T3_enter;2023-01-15 00:07:52
mision15;T3_task1;2023-01-15 00:08:41
mision15;T4_enter;2023-01-15 00:13:26
mision15;T4_task2;2023-01-15 00:14:15
mision15;T3_task3;2023-01-15 00:14:32
mision15;T4_task3;2023-01-15 00:14:32
mision15;T6_enter;2023-01-15 00:16:49
mision15;T6_task2;2023-01-15 00:17:38
mision15;T5_enter;2023-01-15 00:21:16
mision15;T5_task1;2023-01-15 00:22:05
mision15;T5_task3;2023-01-15 00:22:22
mision15;T6_task3;2023-01-15 00:22:22
mision15;T7_enter;2023-01-15 00:24:48
mision15;T7_task1;2023-01-15 00:25:37
mision15;T8_enter;2023-01-15 00:25:59
mision15;T8_task2;2023-01-15 00:26:48
mision15;T7_task3;2023-01-15 00:27:04
mision15;T8_task3;2023-01-15 00:27:04
mision15;T7_task4;2023-01-15 00:27:06
mision15;T8_task4;2023-01-15 00:27:06
mision16;T2_enter;2023-01-16 00:04:27
mision16;T1_enter;2023-01-16 00:04:40
mision16;T2_task2;2023-01-16 00:05:16
mision16;T1_task1;2023-01-16 00:05:29
mision16;T1_task3;2023-01-16 00:05:45
mision16;T2_task3;2023-01-16 00:05:45
mision16;T3_enter;2023-01-16 00:07:18
mision16;T3_task1;2023-01-16 00:08:07
mision16;T4_enter;2023-01-16 00:13:13
mision16;T4_task2;2023-01-16 00:14:02
mision16;T3_task3;2023-01-16 00:14:19
mision16;T4_task3;2023-01-16 00:14:19
mision16;T6_enter;2023-01-16 00:16:32
mision16;T5_enter;2023-01-16 00:16:42
mision16;T6_task2;2023-01-16 00:17:21
mision16;T5_task1;2023-01-16 00:17:31
mision16;T5_task3;2023-01-16 00:17:48
mision16;T6_task3;2023-01-16 00:17:48
mision16;T7_enter;2023-01-16 00:20:58
mision16;T8_enter;2023-01-16 00:21:33
mision16;T7_task1;2023-01-16 00:21:47
mision16;T8_task2;2023-01-16 00:22:22
mision16;T7_task3;2023-01-16 00:22:39
mision16;T8_task3;2023-01-16 00:22:39
mision16;T7_task4;2023-01-16 00:22:40
mision16;T8_task4;2023-01-16 00:22:40
mision17;T2_enter;2023-01-17 00:04:04
mision17;T2_task2;2023-01-17 00:04:53
mision17;T1_enter;2023-01-17 00:05:44
mision17;T1_task1;2023-01-17 00:06:33
mision17;T1_task3;2023-01-17 00:06:49
mision17;T2_task3;2023-01-17 00:06:49
mision17;T3_enter;2023-01-17 00:10:29
mision17;T3_task1;2023-01-17 00:11:18
mision17;T4_enter;2023-01-17 00:31:58
mision17;T4_task2;2023-01-17 00:32:47
mision17;T3_task3;2023-01-17 00:33:03
mision17;T4_task3;2023-01-17 00:33:03
mision17;T6_enter;2023-01-17 00:34:16
mision17;T6_task2;2023-01-17 00:35:05
mision17;T5_enter;2023-01-17 00:37:34
mision17;T5_task1;2023-01-17 00:38:23
mision17;T5_task3;2023-01-17 00:38:40
mision17;T6_task3;2023-01-17 00:38:40
mision17;T7_enter;2023-01-17 00:41:24
mision17;T7_task1;2023-01-17 00:42:13
mision17;T8_enter;2023-01-17 00:49:57
mision17;T8_task2;2023-01-17 00:50:46
mision17;T7_task3;2023-01-17 00:51:02
mision17;T8_task3;2023-01-17 00:51:02
mision17;T7_task4;2023-01-17 00:51:04
mision17;T8_task4;2023-01-17 00:51:04
mision18;T2_enter;2023-01-18 00:03:21
mision18;T1_enter;2023-01-18 00:03:59
mision18;T2_task2;2023-01-18 00:04:10
mision18;T1_task1;2023-01-18 00:04:48
mision18;T1_task3;2023-01-18 00:05:05
mision18;T2_task3;2023-01-18 00:05:05
mision18;T4_enter;2023-01-18 00:06:36
mision18;T4_task2;2023-01-18 00:07:25
mision18;T3_enter;2023-01-18 00:09:44
mision18;T3_task1;2023-01-18 00:10:33
mision18;T3_task3;2023-01-18 00:10:49
mision18;T4_task3;2023-01-18 00:10:49
mision18;T5_enter;2023-01-18 00:13:08
mision18;T6_enter;2023-01-18 00:13:13
mision18;T5_task1;2023-01-18 00:13:57
mision18;T6_task2;2023-01-18 00:14:02
mision18;T5_task3;2023-01-18 00:14:19
mision18;T6_task3;2023-01-18 00:14:19
mision18;T8_enter;2023-01-18 00:16:56
mision18;T8_task2;2023-01-18 00:17:45
mision18;T7_enter;2023-01-18 00:17:56
mision18;T7_task1;2023-01-18 00:18:45
mision18;T7_task3;2023-01-18 00:19:01
mision18;T8_task3;2023-01-18 00:19:01
mision18;T7_task4;2023-01-18 00:19:03
mision18;T8_task4;2023-01-18 00:19:03
mision19;T1_enter;2023-01-19 00:05:06
mision19;T2_enter;2023-01-19 00:05:12
mision19;T1_task1;2023-01-19 00:05:55
mision19;T2_task2;2023-01-19 00:06:01
mision19;T1_task3;2023-01-19 00:06:18
mision19;T2_task3;2023-01-19 00:06:18
mision19;T3_enter;2023-01-19 00:08:41
mision19;T3_task1;2023-01-19 00:09:30
mision19;T4_enter;2023-01-19 00:09:41
mision19;T4_task2;2023-01-19 00:10:30
mision19;T3_task3;2023-01-19 00:10:47
mision19;T4_task3;2023-01-19 00:10:47
mision19;T6_enter;2023-01-19 00:13:28
mision19;T6_task2;2023-01-19 00:14:17
mision19;T5_enter;2023-01-19 00:14:23
mision19;T5_task1;2023-01-19 00:15:12
mision19;T5_task3;2023-01-19 00:15:28
mision19;T6_task3;2023-01-19 00:15:28
mision19;T7_enter;2023-01-19 00:17:56
mision19;T7_task1;2023-01-19 00:18:45
mision19;T8_enter;2023-01-19 00:21:41
mision19;T8_task2;2023-01-19 00:22:30
mision19;T7_task3;2023-01-19 00:22:46
mision19;T8_task3;2023-01-19 00:22:46
mision19;T7_task4;2023-01-19 00:22:48
mision19;T8_task4;2023-01-19 00:22:48
mision20;T2_enter;2023-01-20 00:01:02
mision20;T1_enter;2023-01-20 00:06:28
mision20;T1_task1;2023-01-20 00:07:17
mision20;T2_task2;2023-01-20 00:08:07
mision20;T1_task3;2023-01-20 00:08:24
mision20;T2_task3;2023-01-20 00:08:24
mision20;T4_enter;2023-01-20 00:10:29
mision20;T3_enter;2023-01-20 00:10:48
mision20;T4_task2;2023-01-20 00:11:18
mision20;T3_task1;2023-01-20 00:11:37
mision20;T3_task3;2023-01-20 00:11:54
mision20;T4_task3;2023-01-20 00:11:54
mision20;T6_enter;2023-01-20 00:13:48
mision20;T6_task2;2023-01-20 00:14:37
mision20;T5_enter;2023-01-20 00:30:25
mision20;T5_task1;2023-01-20 00:31:14
mision20;T5_task3;2023-01-20 00:31:31
mision20;T6_task3;2023-01-20 00:31:31
mision20;T7_enter;2023-01-20 00:34:04
mision20;T8_enter;2023-01-20 00:34:13
mision20;T7_task1;2023-01-20 00:34:53
mision20;T8_task2;2023-01-20 00:35:02
mision20;T7_task3;2023-01-20 00:35:19
mision20;T8_task3;2023-01-20 00:35:19
mision20;T7_task4;2023-01-20 00:35:20
mision20;T8_task4;2023-01-20 00:35:20
mision21;T2_enter;2023-01-21 00:02:35
mision21;T2_task2;2023-01-21 00:03:24
mision21;T1_enter;2023-01-21 00:04:58
mision21;T1_task1;2023-01-21 00:05:47
mision21;T1_task3;2023-01-21 00:06:04
mision21;T2_task3;2023-01-21 00:06:04
mision21;T3_enter;2023-01-21 00:09:27
mision21;T3_task1;2023-01-21 00:10:16
mision21;T4_enter;2023-01-21 00:10:52
mision21;T4_task2;2023-01-21 00:11:41
mision21;T3_task3;2023-01-21 00:11:58
mision21;T4_task3;2023-01-21 00:11:58
mision21;T6_enter;2023-01-21 00:14:31
mision21;T6_task2;2023-01-21 00:15:20
mision21;T5_enter;2023-01-21 00:17:01
mision21;T5_task1;2023-01-21 00:17:50
mision21;T5_task3;2023-01-21 00:18:06
mision21;T6_task3;2023-01-21 00:18:06
mision21;T8_enter;2023-01-21 00:20:25
mision21;T7_enter;2023-01-21 00:20:26
mision21;T8_task2;2023-01-21 00:21:14
mision21;T7_task1;2023-01-21 00:21:15
mision21;T7_task3;2023-01-21 00:21:32
mision21;T8_task3;2023-01-21 00:21:32
mision21;T7_task4;2023-01-21 00:21:33
mision21;T8_task4;2023-01-21 00:21:33
mision22;T2_enter;2023-01-22 00:02:59
mision22;T1_enter;2023-01-22 00:03:39
mision22;T2_task2;2023-01-22 00:03:48
mision22;T1_task1;2023-01-22 00:04:28
mision22;T1_task3;2023-01-22 00:04:44
mision22;T2_task3;2023-01-22 00:04:44
mision22;T4_enter;2023-01-22 00:06:52
mision22;T4_task2;2023-01-22 00:07:41
mision22;T3_enter;2023-01-22 00:13:16
mision22;T3_task1;2023-01-22 00:14:05
mision22;T3_task3;2023-01-22 00:14:22
mision22;T4_task3;2023-01-22 00:14:22
mision22;T6_enter;2023-01-22 00:17:08
mision22;T6_task2;2023-01-22 00:17:57
mision22;T5_enter;2023-01-22 00:19:14
mision22;T5_task1;2023-01-22 00:20:03
mision22;T5_task3;2023-01-22 00:20:19
mision22;T6_task3;2023-01-22 00:20:19
mision22;T7_enter;2023-01-22 00:21:34
mision22;T7_task1;2023-01-22 00:22:23
mision22;T8_enter;2023-01-22 00:23:12
mision22;T8_task2;2023-01-22 00:24:01
mision22;T7_task3;2023-01-22 00:24:18
mision22;T8_task3;2023-01-22 00:24:18
mision22;T7_task4;2023-01-22 00:24:19
mision22;T8_task4;2023-01-22 00:24:19
mision23;T1_enter;2023-01-23 00:03:03
mision23;T1_task1;2023-01-23 00:03:52
mision23;T2_enter;2023-01-23 00:09:40
mision23;T2_task2;2023-01-23 00:10:29
mision23;T1_task3;2023-01-23 00:10:46
mision23;T2_task3;2023-01-23 00:10:46
mision23;T4_enter;2023-01-23 00:12:21
mision23;T4_task2;2023-01-23 00:13:10
mision23;T3_enter;2023-01-23 00:14:13
mision23;T3_task1;2023-01-23 00:15:02
mision23;T3_task3;2023-01-23 00:15:19
mision23;T4_task3;2023-01-23 00:15:19
mision23;T6_enter;2023-01-23 00:17:36
mision23;T5_enter;2023-01-23 00:17:58
mision23;T6_task2;2023-01-23 00:18:25
mision23;T5_task1;2023-01-23 00:18:47
mision23;T5_task3;2023-01-23 00:19:04
mision23;T6_task3;2023-01-23 00:19:04
mision23;T7_enter;2023-01-23 00:21:39
mision23;T8_enter;2023-01-23 00:21:48
mision23;T7_task1;2023-01-23 00:22:28
mision23;T8_task2;2023-01-23 00:22:37
mision23;T7_task3;2023-01-23 00:22:53
mision23;T8_task3;2023-01-23 00:22:53
mision23;T7_task4;2023-01-23 00:22:55
mision23;T8_task4;2023-01-23 00:22:55
mision24;T1_enter;2023-01-24 00:04:10
mision24;T2_enter;2023-01-24 00:04:41
mision24;T1_task1;2023-01-24 00:04:59
mision24;T2_task2;2023-01-24 00:05:30
mision24;T1_task3;2023-01-24 00:05:46
mision24;T2_task3;2023-01-24 00:05:46
mision24;T4_enter;2023-01-24 00:09:57
mision24;T3_enter;2023-01-24 00:09:57
mision24;T4_task2;2023-01-24 00:10:46
mision24;T3_task1;2023-01-24 00:10:46
mision24;T3_task3;2023-01-24 00:11:03
mision24;T4_task3;2023-01-24 00:11:03
mision24;T6_enter;2023-01-24 00:12:09
mision24;T6_task2;2023-01-24 00:12:58
mision24;T5_enter;2023-01-24 00:16:59
mision24;T5_task1;2023-01-24 00:17:48
mision24;T5_task3;2023-01-24 00:18:04
mision24;T6_task3;2023-01-24 00:18:04
mision24;T7_enter;2023-01-24 00:20:29
mision24;T7_task1;2023-01-24 00:21:18
mision24;T8_enter;2023-01-24 00:24:27
mision24;T8_task2;2023-01-24 00:25:16
mision24;T7_task3;2023-01-24 00:25:32
mision24;T8_task3;2023-01-24 00:25:32
mision24;T7_task4;2023-01-24 00:25:34
mision24;T8_task4;2023-01-24 00:25:34
mision25;T2_enter;2023-01-25 00:03:21
mision25;T1_enter;2023-01-25 00:03:59
mision25;T2_task2;2023-01-25 00:04:10
mision25;T1_task1;2023-01-25 00:04:48
mision25;T1_task3;2023-01-25 00:05:05
mision25;T2_task3;2023-01-25 00:05:05
mision25;T4_enter;2023-01-25 00:06:36
mision25;T4_task2;2023-01-25 00:07:25
mision25;T3_enter;2023-01-25 00:09:44
mision25;T3_task1;2023-01-25 00:10:33
mision25;T3_task3;2023-01-25 00:10:49
mision25;T4_task3;2023-01-25 00:10:49
mision25;T5_enter;2023-01-25 00:13:08
mision25;T6_enter;2023-01-25 00:13:13
mision25;T5_task1;2023-01-25 00:13:57
mision25;T6_task2;2023-01-25 00:14:02
mision25;T5_task3;2023-01-25 00:14:19
mision25;T6_task3;2023-01-25 00:14:19
mision25;T8_enter;2023-01-25 00:16:56
mision25;T8_task2;2023-01-25 00:17:45
mision25;T7_enter;2023-01-25 00:17:56
mision25;T7_task1;2023-01-25 00:18:45
mision25;T7_task3;2023-01-25 00:19:01
mision25;T8_task3;2023-01-25 00:19:01
mision25;T7_task4;2023-01-25 00:19:03
mision25;T8_task4;2023-01-25 00:19:03
mision26;T2_enter;2023-01-26 00:02:49
mision26;T2_task2;2023-01-26 00:03:38
mision26;T1_enter;2023-01-26 00:04:43
mision26;T1_task1;2023-01-26 00:05:32
mision26;T1_task3;2023-01-26 00:05:49
mision26;T2_task3;2023-01-26 00:05:49
mision26;T3_enter;2023-01-26 00:07:53
mision26;T3_task1;2023-01-26 00:08:42
mision26;T4_enter;2023-01-26 00:15:06
mision26;T4_task2;2023-01-26 00:15:55
mision26;T3_task3;2023-01-26 00:16:12
mision26;T4_task3;2023-01-26 00:16:12
mision26;T6_enter;2023-01-26 00:18:21
mision26;T6_task2;2023-01-26 00:19:10
mision26;T5_enter;2023-01-26 00:26:10
mision26;T5_task1;2023-01-26 00:26:59
mision26;T5_task3;2023-01-26 00:27:15
mision26;T6_task3;2023-01-26 00:27:15
mision26;T7_enter;2023-01-26 00:29:17
mision26;T8_enter;2023-01-26 00:29:30
mision26;T7_task1;2023-01-26 00:30:06
mision26;T8_task2;2023-01-26 00:30:19
mision26;T7_task3;2023-01-26 00:30:36
mision26;T8_task3;2023-01-26 00:30:36
mision26;T7_task4;2023-01-26 00:30:37
mision26;T8_task4;2023-01-26 00:30:37
mision27;T2_enter;2023-01-27 00:01:12
mision27;T2_task2;2023-01-27 00:02:01
mision27;T1_enter;2023-01-27 00:03:26
mision27;T1_task1;2023-01-27 00:04:15
mision27;T1_task3;2023-01-27 00:04:31
mision27;T2_task3;2023-01-27 00:04:31
mision27;T3_enter;2023-01-27 00:05:55
mision27;T3_task1;2023-01-27 00:06:44
mision27;T4_enter;2023-01-27 00:07:54
mision27;T4_task2;2023-01-27 00:08:43
mision27;T3_task3;2023-01-27 00:09:00
mision27;T4_task3;2023-01-27 00:09:00
mision27;T6_enter;2023-01-27 00:10:54
mision27;T6_task2;2023-01-27 00:11:43
mision27;T5_enter;2023-01-27 00:12:08
mision27;T5_task1;2023-01-27 00:12:57
mision27;T5_task3;2023-01-27 00:13:13
mision27;T6_task3;2023-01-27 00:13:13
mision27;T7_enter;2023-01-27 00:14:18
mision27;T7_task1;2023-01-27 00:15:07
mision27;T8_enter;2023-01-27 00:15:57
mision27;T8_task2;2023-01-27 00:16:46
mision27;T7_task3;2023-01-27 00:17:03
mision27;T8_task3;2023-01-27 00:17:03
mision27;T7_task4;2023-01-27 00:17:04
mision27;T8_task4;2023-01-27 00:17:04
mision28;T2_enter;2023-01-28 00:04:04
mision28;T1_enter;2023-01-28 00:05:44
mision28;T1_task1;2023-01-28 00:06:33
mision28;T2_task2;2023-01-28 00:07:23
mision28;T1_task3;2023-01-28 00:07:40
mision28;T2_task3;2023-01-28 00:07:40
mision28;T3_enter;2023-01-28 00:10:29
mision28;T3_task1;2023-01-28 00:11:18
mision28;T4_enter;2023-01-28 00:31:58
mision28;T4_task2;2023-01-28 00:32:47
mision28;T3_task3;2023-01-28 00:33:03
mision28;T4_task3;2023-01-28 00:33:03
mision28;T6_enter;2023-01-28 00:34:16
mision28;T6_task2;2023-01-28 00:35:05
mision28;T5_enter;2023-01-28 00:37:34
mision28;T5_task1;2023-01-28 00:38:23
mision28;T5_task3;2023-01-28 00:38:40
mision28;T6_task3;2023-01-28 00:38:40
mision28;T7_enter;2023-01-28 00:41:24
mision28;T7_task1;2023-01-28 00:42:13
mision28;T8_enter;2023-01-28 00:49:57
mision28;T8_task2;2023-01-28 00:50:46
mision28;T7_task3;2023-01-28 00:51:02
mision28;T8_task3;2023-01-28 00:51:02
mision28;T7_task4;2023-01-28 00:51:04
mision28;T8_task4;2023-01-28 00:51:04
mision29;T2_enter;2023-01-29 00:02:55
mision29;T2_task2;2023-01-29 00:03:44
mision29;T1_enter;2023-01-29 00:07:04
mision29;T1_task1;2023-01-29 00:07:53
mision29;T1_task3;2023-01-29 00:08:10
mision29;T2_task3;2023-01-29 00:08:10
mision29;T3_enter;2023-01-29 00:09:12
mision29;T3_task1;2023-01-29 00:10:01
mision29;T4_enter;2023-01-29 00:21:05
mision29;T4_task2;2023-01-29 00:21:54
mision29;T3_task3;2023-01-29 00:22:11
mision29;T4_task3;2023-01-29 00:22:11
mision29;T6_enter;2023-01-29 00:25:00
mision29;T6_task2;2023-01-29 00:25:49
mision29;T5_enter;2023-01-29 00:30:28
mision29;T5_task1;2023-01-29 00:31:17
mision29;T5_task3;2023-01-29 00:31:33
mision29;T6_task3;2023-01-29 00:31:33
mision29;T7_enter;2023-01-29 00:34:05
mision29;T7_task1;2023-01-29 00:34:54
mision29;T8_enter;2023-01-29 00:43:47
mision29;T8_task2;2023-01-29 00:44:36
mision29;T7_task3;2023-01-29 00:44:52
mision29;T8_task3;2023-01-29 00:44:52
mision29;T7_task4;2023-01-29 00:44:54
mision29;T8_task4;2023-01-29 00:44:54
mision30;T2_enter;2023-01-30 00:02:20
mision30;T2_task2;2023-01-30 00:03:09
mision30;T1_enter;2023-01-30 00:04:12
mision30;T1_task1;2023-01-30 00:05:01
mision30;T1_task3;2023-01-30 00:05:17
mision30;T2_task3;2023-01-30 00:05:17
mision30;T3_enter;2023-01-30 00:07:02
mision30;T3_task1;2023-01-30 00:07:51
mision30;T4_enter;2023-01-30 00:14:54
mision30;T4_task2;2023-01-30 00:15:43
mision30;T3_task3;2023-01-30 00:16:00
mision30;T4_task3;2023-01-30 00:16:00
mision30;T5_enter;2023-01-30 00:18:51
mision30;T6_enter;2023-01-30 00:19:17
mision30;T5_task1;2023-01-30 00:19:40
mision30;T6_task2;2023-01-30 00:20:06
mision30;T5_task3;2023-01-30 00:20:23
mision30;T6_task3;2023-01-30 00:20:23
mision30;T7_enter;2023-01-30 00:22:37
mision30;T7_task1;2023-01-30 00:23:26
mision30;T8_enter;2023-01-30 00:23:58
mision30;T8_task2;2023-01-30 00:24:47
mision30;T7_task3;2023-01-30 00:25:04
mision30;T8_task3;2023-01-30 00:25:04
mision30;T7_task4;2023-01-30 00:25:05
mision30;T8_task4;2023-01-30 00:25:05
mision31;T2_enter;2023-01-31 00:04:27
mision31;T1_enter;2023-01-31 00:04:40
mision31;T2_task2;2023-01-31 00:05:16
mision31;T1_task1;2023-01-31 00:05:29
mision31;T1_task3;2023-01-31 00:05:45
mision31;T2_task3;2023-01-31 00:05:45
mision31;T3_enter;2023-01-31 00:07:18
mision31;T3_task1;2023-01-31 00:08:07
mision31;T4_enter;2023-02-01 00:13:13
mision31;T4_task2;2023-02-01 00:14:02
mision31;T3_task3;2023-02-01 00:14:19
mision31;T4_task3;2023-02-01 00:14:19
mision31;T6_enter;2023-02-01 00:16:32
mision31;T5_enter;2023-02-01 00:16:42
mision31;T6_task2;2023-02-01 00:17:21
mision31;T5_task1;2023-02-01 00:17:31
mision31;T5_task3;2023-02-01 00:17:48
mision31;T6_task3;2023-02-01 00:17:48
mision31;T7_enter;2023-02-01 00:20:58
mision31;T8_enter;2023-02-01 00:21:33
mision31;T7_task1;2023-02-01 00:21:47
mision31;T8_task2;2023-02-01 00:22:22
mision31;T7_task3;2023-02-01 00:22:39
mision31;T8_task3;2023-02-01 00:22:39
mision31;T7_task4;2023-02-01 00:22:40
mision31;T8_task4;2023-02-01 00:22:40
mision32;T2_enter;2023-02-02 00:03:35
mision32;T2_task2;2023-02-02 00:04:24
mision32;T1_enter;2023-02-02 00:05:39
mision32;T1_task1;2023-02-02 00:06:28
mision32;T1_task3;2023-02-02 00:06:44
mision32;T2_task3;2023-02-02 00:06:44
mision32;T3_enter;2023-02-02 00:07:56
mision32;T3_task1;2023-02-02 00:08:45
mision32;T4_enter;2023-02-02 00:29:23
mision32;T4_task2;2023-02-02 00:30:12
mision32;T3_task3;2023-02-02 00:30:29
mision32;T4_task3;2023-02-02 00:30:29
mision32;T6_enter;2023-02-02 00:32:39
mision32;T6_task2;2023-02-02 00:33:28
mision32;T5_enter;2023-02-02 00:34:52
mision32;T5_task1;2023-02-02 00:35:41
mision32;T5_task3;2023-02-02 00:35:57
mision32;T6_task3;2023-02-02 00:35:57
mision32;T7_enter;2023-02-02 00:38:29
mision32;T7_task1;2023-02-02 00:39:18
mision32;T8_enter;2023-02-02 00:39:23
mision32;T8_task2;2023-02-02 00:40:12
mision32;T7_task3;2023-02-02 00:40:28
mision32;T8_task3;2023-02-02 00:40:28
mision32;T7_task4;2023-02-02 00:40:30
mision32;T8_task4;2023-02-02 00:40:30
mision33;T1_enter;2023-02-03 00:03:00
mision33;T1_task1;2023-02-03 00:03:49
mision33;T2_enter;2023-02-03 00:04:17
mision33;T2_task2;2023-02-03 00:04:40
mision33;T1_task3;2023-02-03 00:04:56
mision33;T2_task3;2023-02-03 00:04:56
mision33;T3_enter;2023-02-03 00:05:34
mision33;T3_task1;2023-02-03 00:06:23
mision33;T4_enter;2023-02-03 00:10:46
mision33;T4_task2;2023-02-03 00:11:35
mision33;T3_task3;2023-02-03 00:11:52
mision33;T4_task3;2023-02-03 00:11:52
mision33;T6_enter;2023-02-03 00:12:43
mision33;T6_task2;2023-02-03 00:13:32
mision33;T5_enter;2023-02-03 00:16:54
mision33;T5_task1;2023-02-03 00:17:43
mision33;T5_task3;2023-02-03 00:17:59
mision33;T6_task3;2023-02-03 00:17:59
mision33;T7_enter;2023-02-03 00:19:29
mision33;T7_task1;2023-02-03 00:20:18
mision33;T8_enter;2023-02-03 00:24:02
mision33;T8_task2;2023-02-03 00:24:51
mision33;T7_task3;2023-02-03 00:25:07
mision33;T8_task3;2023-02-03 00:25:07
mision33;T7_task4;2023-02-03 00:25:09
mision33;T8_task4;2023-02-03 00:25:09
mision34;T2_enter;2023-02-04 00:02:35
mision34;T2_task2;2023-02-04 00:03:24
mision34;T1_enter;2023-02-04 00:04:58
mision34;T1_task1;2023-02-04 00:05:47
mision34;T1_task3;2023-02-04 00:06:04
mision34;T2_task3;2023-02-04 00:06:04
mision34;T3_enter;2023-02-04 00:09:27
mision34;T3_task1;2023-02-04 00:10:16
mision34;T4_enter;2023-02-04 00:10:52
mision34;T4_task2;2023-02-04 00:11:41
mision34;T3_task3;2023-02-04 00:11:58
mision34;T4_task3;2023-02-04 00:11:58
mision34;T6_enter;2023-02-04 00:14:31
mision34;T6_task2;2023-02-04 00:15:20
mision34;T5_enter;2023-02-04 00:17:01
mision34;T5_task1;2023-02-04 00:17:50
mision34;T5_task3;2023-02-04 00:18:06
mision34;T6_task3;2023-02-04 00:18:06
mision34;T8_enter;2023-02-04 00:20:25
mision34;T7_enter;2023-02-04 00:20:26
mision34;T8_task2;2023-02-04 00:21:14
mision34;T7_task1;2023-02-04 00:21:15
mision34;T7_task3;2023-02-04 00:21:32
mision34;T8_task3;2023-02-04 00:21:32
mision34;T7_task4;2023-02-04 00:21:33
mision34;T8_task4;2023-02-04 00:21:33
