case_id;activity;time
mision1;T8_enter;2023-01-01 00:00:42
mision1;T3_enter;2023-01-01 00:01:18
mision1;T8_task8;2023-01-01 00:01:31
mision1;T2_enter;2023-01-01 00:01:36
mision1;T3_task3;2023-01-01 00:02:07
mision1;T2_task2;2023-01-01 00:02:25
mision1;T7_enter;2023-01-01 00:04:19
mision1;T6_enter;2023-01-01 00:04:26
mision1;T4_enter;2023-01-01 00:04:48
mision1;T7_task7;2023-01-01 00:05:08
mision1;T6_task6;2023-01-01 00:05:15
mision1;T4_task4;2023-01-01 00:05:37
mision1;T1_enter;2023-01-01 00:06:55
mision1;T1_task1;2023-01-01 00:07:44
mision1;T5_enter;2023-01-01 00:21:10
mision1;T5_task5;2023-01-01 00:21:59
mision1;T1-T8_task9;2023-01-01 00:22:11
mision2;T3_enter;2023-01-02 00:00:41
mision2;T7_enter;2023-01-02 00:00:55
mision2;T8_enter;2023-01-02 00:01:06
mision2;T6_enter;2023-01-02 00:01:29
mision2;T3_task3;2023-01-02 00:01:30
mision2;T7_task7;2023-01-02 00:01:44
mision2;T4_enter;2023-01-02 00:01:50
mision2;T8_task8;2023-01-02 00:01:55
mision2;T6_task6;2023-01-02 00:02:18
mision2;T5_enter;2023-01-02 00:02:31
mision2;T4_task4;2023-01-02 00:02:39
mision2;T5_task5;2023-01-02 00:03:20
mision2;T1_enter;2023-01-02 00:05:45
mision2;T1_task1;2023-01-02 00:06:34
mision2;T2_enter;2023-01-02 00:07:09
mision2;T2_task2;2023-01-02 00:07:58
mision2;T1-T8_task9;2023-01-02 00:08:10
mision3;T7_enter;2023-01-03 00:00:41
mision3;T8_enter;2023-01-03 00:00:57
mision3;T7_task7;2023-01-03 00:01:30
mision3;T6_enter;2023-01-03 00:01:36
mision3;T4_enter;2023-01-03 00:01:44
mision3;T8_task8;2023-01-03 00:01:46
mision3;T6_task6;2023-01-03 00:02:25
mision3;T4_task4;2023-01-03 00:02:33
mision3;T5_enter;2023-01-03 00:02:43
mision3;T1_enter;2023-01-03 00:03:29
mision3;T5_task5;2023-01-03 00:03:32
mision3;T1_task1;2023-01-03 00:04:18
mision3;T3_enter;2023-01-03 00:04:24
mision3;T3_task3;2023-01-03 00:05:13
mision3;T2_enter;2023-01-03 00:30:37
mision3;T2_task2;2023-01-03 00:31:26
mision3;T1-T8_task9;2023-01-03 00:31:38
mision4;T3_enter;2023-01-04 00:00:24
mision4;T7_enter;2023-01-04 00:00:56
mision4;T3_task3;2023-01-04 00:01:13
mision4;T2_enter;2023-01-04 00:01:28
mision4;T4_enter;2023-01-04 00:01:40
mision4;T7_task7;2023-01-04 00:01:45
mision4;T2_task2;2023-01-04 00:02:17
mision4;T4_task4;2023-01-04 00:02:29
mision4;T6_enter;2023-01-04 00:02:38
mision4;T6_task6;2023-01-04 00:03:27
mision4;T8_enter;2023-01-04 00:04:01
mision4;T8_task8;2023-01-04 00:04:50
mision4;T1_enter;2023-01-04 00:10:53
mision4;T1_task1;2023-01-04 00:11:42
mision4;T5_enter;2023-01-04 00:29:02
mision4;T5_task5;2023-01-04 00:29:51
mision4;T1-T8_task9;2023-01-04 00:30:04
mision5;T7_enter;2023-01-05 00:00:32
mision5;T7_task7;2023-01-05 00:01:21
mision5;T2_enter;2023-01-05 00:01:37
mision5;T6_enter;2023-01-05 00:01:39
mision5;T3_enter;2023-01-05 00:02:21
mision5;T2_task2;2023-01-05 00:02:26
mision5;T6_task6;2023-01-05 00:02:28
mision5;T1_enter;2023-01-05 00:02:42
mision5;T3_task3;2023-01-05 00:03:10
mision5;T5_enter;2023-01-05 00:03:15
mision5;T1_task1;2023-01-05 00:03:31
mision5;T5_task5;2023-01-05 00:04:04
mision5;T4_enter;2023-01-05 00:11:08
mision5;T4_task4;2023-01-05 00:11:57
mision5;T8_enter;2023-01-05 00:17:26
mision5;T8_task8;2023-01-05 00:18:15
mision5;T1-T8_task9;2023-01-05 00:18:28
mision6;T3_enter;2023-01-06 00:00:32
mision6;T8_enter;2023-01-06 00:00:56
mision6;T7_enter;2023-01-06 00:01:15
mision6;T3_task3;2023-01-06 00:01:21
mision6;T4_enter;2023-01-06 00:01:38
mision6;T8_task8;2023-01-06 00:01:45
mision6;T7_task7;2023-01-06 00:02:04
mision6;T5_enter;2023-01-06 00:02:22
mision6;T4_task4;2023-01-06 00:02:27
mision6;T5_task5;2023-01-06 00:03:11
mision6;T1_enter;2023-01-06 00:04:44
mision6;T1_task1;2023-01-06 00:05:33
mision6;T2_enter;2023-01-06 00:05:45
mision6;T2_task2;2023-01-06 00:06:34
mision6;T6_enter;2023-01-06 00:27:47
mision6;T6_task6;2023-01-06 00:28:36
mision6;T1-T8_task9;2023-01-06 00:28:48
mision7;T3_enter;2023-01-07 00:00:33
mision7;T8_enter;2023-01-07 00:00:50
mision7;T6_enter;2023-01-07 00:01:16
mision7;T3_task3;2023-01-07 00:01:22
mision7;T8_task8;2023-01-07 00:01:39
mision7;T2_enter;2023-01-07 00:01:42
mision7;T6_task6;2023-01-07 00:02:05
mision7;T2_task2;2023-01-07 00:02:31
mision7;T7_enter;2023-01-07 00:02:36
mision7;T7_task7;2023-01-07 00:03:25
mision7;T1_enter;2023-01-07 00:03:35
mision7;T1_task1;2023-01-07 00:04:24
mision7;T5_enter;2023-01-07 00:04:32
mision7;T5_task5;2023-01-07 00:05:21
mision7;T4_enter;2023-01-07 00:56:56
mision7;T4_task4;2023-01-07 00:57:45
mision7;T1-T8_task9;2023-01-07 00:57:58
mision8;T7_enter;2023-01-08 00:00:43
mision8;T3_enter;2023-01-08 00:01:02
mision8;T7_task7;2023-01-08 00:01:32
mision8;T8_enter;2023-01-08 00:01:38
mision8;T3_task3;2023-01-08 00:01:51
mision8;T4_enter;2023-01-08 00:02:03
mision8;T8_task8;2023-01-08 00:02:27
mision8;T4_task4;2023-01-08 00:02:52
mision8;T1_enter;2023-01-08 00:03:01
mision8;T2_enter;2023-01-08 00:03:47
mision8;T1_task1;2023-01-08 00:03:50
mision8;T2_task2;2023-01-08 00:04:36
mision8;T5_enter;2023-01-08 00:07:41
mision8;T5_task5;2023-01-08 00:08:30
mision8;T6_enter;2023-01-08 00:08:39
mision8;T6_task6;2023-01-08 00:09:28
mision8;T1-T8_task9;2023-01-08 00:09:40
mision9;T4_enter;2023-01-09 00:00:39
mision9;T7_enter;2023-01-09 00:01:06
mision9;T4_task4;2023-01-09 00:01:28
mision9;T3_enter;2023-01-09 00:01:50
mision9;T7_task7;2023-01-09 00:01:55
mision9;T8_enter;2023-01-09 00:02:14
mision9;T3_task3;2023-01-09 00:02:39
mision9;T1_enter;2023-01-09 00:02:47
mision9;T8_task8;2023-01-09 00:03:03
mision9;T1_task1;2023-01-09 00:03:36
mision9;T6_enter;2023-01-09 00:06:25
mision9;T5_enter;2023-01-09 00:06:54
mision9;T6_task6;2023-01-09 00:07:14
mision9;T5_task5;2023-01-09 00:07:43
mision9;T2_enter;2023-01-09 00:08:35
mision9;T2_task2;2023-01-09 00:09:24
mision9;T1-T8_task9;2023-01-09 00:09:36
mision10;T3_enter;2023-01-10 00:00:43
mision10;T4_enter;2023-01-10 00:01:08
mision10;T7_enter;2023-01-10 00:01:18
mision10;T3_task3;2023-01-10 00:01:32
mision10;T8_enter;2023-01-10 00:01:34
mision10;T4_task4;2023-01-10 00:01:57
mision10;T7_task7;2023-01-10 00:02:07
mision10;T8_task8;2023-01-10 00:02:23
mision10;T5_enter;2023-01-10 00:03:55
mision10;T5_task5;2023-01-10 00:04:44
mision10;T2_enter;2023-01-10 00:06:27
mision10;T2_task2;2023-01-10 00:07:16
mision10;T6_enter;2023-01-10 00:07:37
mision10;T1_enter;2023-01-10 00:08:16
mision10;T6_task6;2023-01-10 00:08:26
mision10;T1_task1;2023-01-10 00:09:05
mision10;T1-T8_task9;2023-01-10 00:09:18
mision11;T8_enter;2023-01-11 00:00:41
mision11;T7_enter;2023-01-11 00:00:56
mision11;T4_enter;2023-01-11 00:01:27
mision11;T8_task8;2023-01-11 00:01:30
mision11;T2_enter;2023-01-11 00:01:41
mision11;T7_task7;2023-01-11 00:01:45
mision11;T4_task4;2023-01-11 00:02:16
mision11;T2_task2;2023-01-11 00:02:30
mision11;T5_enter;2023-01-11 00:03:10
mision11;T3_enter;2023-01-11 00:03:43
mision11;T1_enter;2023-01-11 00:03:54
mision11;T5_task5;2023-01-11 00:03:59
mision11;T3_task3;2023-01-11 00:04:32
mision11;T1_task1;2023-01-11 00:04:43
mision11;T6_enter;2023-01-11 00:29:54
mision11;T6_task6;2023-01-11 00:30:43
mision11;T1-T8_task9;2023-01-11 00:30:55
mision12;T3_enter;2023-01-12 00:00:37
mision12;T7_enter;2023-01-12 00:00:51
mision12;T8_enter;2023-01-12 00:01:14
mision12;T3_task3;2023-01-12 00:01:26
mision12;T7_task7;2023-01-12 00:01:40
mision12;T2_enter;2023-01-12 00:01:41
mision12;T4_enter;2023-01-12 00:01:48
mision12;T8_task8;2023-01-12 00:02:03
mision12;T2_task2;2023-01-12 00:02:30
mision12;T4_task4;2023-01-12 00:02:37
mision12;T6_enter;2023-01-12 00:03:27
mision12;T6_task6;2023-01-12 00:04:16
mision12;T5_enter;2023-01-12 00:15:20
mision12;T5_task5;2023-01-12 00:16:09
mision12;T1_enter;2023-01-12 00:24:27
mision12;T1_task1;2023-01-12 00:25:16
mision12;T1-T8_task9;2023-01-12 00:25:29
mision13;T8_enter;2023-01-13 00:00:52
mision13;T7_enter;2023-01-13 00:00:55
mision13;T4_enter;2023-01-13 00:01:20
mision13;T8_task8;2023-01-13 00:01:41
mision13;T7_task7;2023-01-13 00:01:44
mision13;T6_enter;2023-01-13 00:01:47
mision13;T3_enter;2023-01-13 00:02:04
mision13;T4_task4;2023-01-13 00:02:09
mision13;T6_task6;2023-01-13 00:02:36
mision13;T3_task3;2023-01-13 00:02:53
mision13;T5_enter;2023-01-13 00:03:01
mision13;T1_enter;2023-01-13 00:03:11
mision13;T5_task5;2023-01-13 00:03:50
mision13;T1_task1;2023-01-13 00:04:00
mision13;T2_enter;2023-01-13 00:23:43
mision13;T2_task2;2023-01-13 00:24:32
mision13;T1-T8_task9;2023-01-13 00:24:44
mision14;T7_enter;2023-01-14 00:01:19
mision14;T4_enter;2023-01-14 00:01:27
mision14;T2_enter;2023-01-14 00:01:29
mision14;T8_enter;2023-01-14 00:01:44
mision14;T7_task7;2023-01-14 00:02:08
mision14;T4_task4;2023-01-14 00:02:16
mision14;T2_task2;2023-01-14 00:02:18
mision14;T3_enter;2023-01-14 00:02:20
mision14;T8_task8;2023-01-14 00:02:33
mision14;T6_enter;2023-01-14 00:02:41
mision14;T1_enter;2023-01-14 00:02:49
mision14;T3_task3;2023-01-14 00:03:09
mision14;T6_task6;2023-01-14 00:03:30
mision14;T1_task1;2023-01-14 00:03:38
mision14;T5_enter;2023-01-14 00:31:58
mision14;T5_task5;2023-01-14 00:32:47
mision14;T1-T8_task9;2023-01-14 00:32:59
mision15;T4_enter;2023-01-15 00:00:42
mision15;T7_enter;2023-01-15 00:01:31
mision15;T4_task4;2023-01-15 00:01:31
mision15;T2_enter;2023-01-15 00:01:35
mision15;T6_enter;2023-01-15 00:01:39
mision15;T3_enter;2023-01-15 00:01:53
mision15;T7_task7;2023-01-15 00:02:20
mision15;T2_task2;2023-01-15 00:02:24
mision15;T6_task6;2023-01-15 00:02:28
mision15;T3_task3;2023-01-15 00:02:42
mision15;T8_enter;2023-01-15 00:06:20
mision15;T1_enter;2023-01-15 00:06:39
mision15;T8_task8;2023-01-15 00:07:09
mision15;T1_task1;2023-01-15 00:07:28
mision15;T5_enter;2023-01-15 00:19:31
mision15;T5_task5;2023-01-15 00:20:20
mision15;T1-T8_task9;2023-01-15 00:20:32
mision16;T7_enter;2023-01-16 00:01:07
mision16;T3_enter;2023-01-16 00:01:43
mision16;T7_task7;2023-01-16 00:01:56
mision16;T6_enter;2023-01-16 00:02:20
mision16;T3_task3;2023-01-16 00:02:32
mision16;T1_enter;2023-01-16 00:02:43
mision16;T6_task6;2023-01-16 00:03:09
mision16;T2_enter;2023-01-16 00:03:13
mision16;T5_enter;2023-01-16 00:03:27
mision16;T1_task1;2023-01-16 00:03:32
mision16;T2_task2;2023-01-16 00:04:02
mision16;T5_task5;2023-01-16 00:04:16
mision16;T8_enter;2023-01-16 00:10:08
mision16;T8_task8;2023-01-16 00:10:57
mision16;T4_enter;2023-01-16 00:19:05
mision16;T4_task4;2023-01-16 00:19:54
mision16;T1-T8_task9;2023-01-16 00:20:06
mision17;T4_enter;2023-01-17 00:00:53
mision17;T7_enter;2023-01-17 00:01:02
mision17;T3_enter;2023-01-17 00:01:18
mision17;T4_task4;2023-01-17 00:01:42
mision17;T7_task7;2023-01-17 00:01:51
mision17;T3_task3;2023-01-17 00:02:07
mision17;T6_enter;2023-01-17 00:03:13
mision17;T8_enter;2023-01-17 00:03:22
mision17;T6_task6;2023-01-17 00:04:02
mision17;T8_task8;2023-01-17 00:04:11
mision17;T1_enter;2023-01-17 00:06:13
mision17;T2_enter;2023-01-17 00:06:49
mision17;T1_task1;2023-01-17 00:07:02
mision17;T2_task2;2023-01-17 00:07:38
mision17;T5_enter;2023-01-17 00:16:16
mision17;T5_task5;2023-01-17 00:17:05
mision17;T1-T8_task9;2023-01-17 00:17:17
mision18;T7_enter;2023-01-18 00:00:43
mision18;T8_enter;2023-01-18 00:01:26
mision18;T7_task7;2023-01-18 00:01:32
mision18;T4_enter;2023-01-18 00:01:38
mision18;T6_enter;2023-01-18 00:01:42
mision18;T8_task8;2023-01-18 00:02:15
mision18;T2_enter;2023-01-18 00:02:23
mision18;T4_task4;2023-01-18 00:02:27
mision18;T6_task6;2023-01-18 00:02:31
mision18;T5_enter;2023-01-18 00:03:00
mision18;T1_enter;2023-01-18 00:03:06
mision18;T2_task2;2023-01-18 00:03:12
mision18;T5_task5;2023-01-18 00:03:49
mision18;T1_task1;2023-01-18 00:03:55
mision18;T3_enter;2023-01-18 00:08:43
mision18;T3_task3;2023-01-18 00:09:32
mision18;T1-T8_task9;2023-01-18 00:09:44
mision19;T3_enter;2023-01-19 00:00:51
mision19;T7_enter;2023-01-19 00:00:54
mision19;T8_enter;2023-01-19 00:00:59
mision19;T3_task3;2023-01-19 00:01:40
mision19;T7_task7;2023-01-19 00:01:43
mision19;T4_enter;2023-01-19 00:01:44
mision19;T8_task8;2023-01-19 00:01:48
mision19;T4_task4;2023-01-19 00:02:33
mision19;T1_enter;2023-01-19 00:02:41
mision19;T6_enter;2023-01-19 00:03:26
mision19;T1_task1;2023-01-19 00:03:30
mision19;T6_task6;2023-01-19 00:04:15
mision19;T2_enter;2023-01-19 00:12:27
mision19;T2_task2;2023-01-19 00:13:16
mision19;T5_enter;2023-01-19 00:41:00
mision19;T5_task5;2023-01-19 00:41:49
mision19;T1-T8_task9;2023-01-19 00:42:01
mision20;T3_enter;2023-01-20 00:00:21
mision20;T4_enter;2023-01-20 00:00:44
mision20;T7_enter;2023-01-20 00:00:57
mision20;T3_task3;2023-01-20 00:01:10
mision20;T4_task4;2023-01-20 00:01:33
mision20;T8_enter;2023-01-20 00:01:34
mision20;T7_task7;2023-01-20 00:01:46
mision20;T6_enter;2023-01-20 00:01:58
mision20;T8_task8;2023-01-20 00:02:23
mision20;T6_task6;2023-01-20 00:02:47
mision20;T1_enter;2023-01-20 00:02:58
mision20;T1_task1;2023-01-20 00:03:47
mision20;T5_enter;2023-01-20 00:07:09
mision20;T5_task5;2023-01-20 00:07:58
mision20;T2_enter;2023-01-20 00:21:10
mision20;T2_task2;2023-01-20 00:21:59
mision20;T1-T8_task9;2023-01-20 00:22:12
mision21;T4_enter;2023-01-21 00:00:43
mision21;T8_enter;2023-01-21 00:01:23
mision21;T4_task4;2023-01-21 00:01:32
mision21;T6_enter;2023-01-21 00:01:43
mision21;T3_enter;2023-01-21 00:02:01
mision21;T8_task8;2023-01-21 00:02:12
mision21;T6_task6;2023-01-21 00:02:32
mision21;T7_enter;2023-01-21 00:02:34
mision21;T3_task3;2023-01-21 00:02:50
mision21;T7_task7;2023-01-21 00:03:23
mision21;T2_enter;2023-01-21 00:06:35
mision21;T2_task2;2023-01-21 00:07:24
mision21;T1_enter;2023-01-21 00:17:30
mision21;T1_task1;2023-01-21 00:18:19
mision21;T5_enter;2023-01-21 00:30:22
mision21;T5_task5;2023-01-21 00:31:11
mision21;T1-T8_task9;2023-01-21 00:31:24
mision22;T7_enter;2023-01-22 00:00:25
mision22;T7_task7;2023-01-22 00:01:14
mision22;T8_enter;2023-01-22 00:01:40
mision22;T6_enter;2023-01-22 00:01:43
mision22;T3_enter;2023-01-22 00:01:47
mision22;T8_task8;2023-01-22 00:02:29
mision22;T6_task6;2023-01-22 00:02:32
mision22;T3_task3;2023-01-22 00:02:36
mision22;T2_enter;2023-01-22 00:04:30
mision22;T1_enter;2023-01-22 00:04:45
mision22;T2_task2;2023-01-22 00:05:19
mision22;T1_task1;2023-01-22 00:05:34
mision22;T4_enter;2023-01-22 00:05:52
mision22;T4_task4;2023-01-22 00:06:41
mision22;T5_enter;2023-01-22 00:37:55
mision22;T5_task5;2023-01-22 00:38:44
mision22;T1-T8_task9;2023-01-22 00:38:56
mision23;T3_enter;2023-01-23 00:00:32
mision23;T3_task3;2023-01-23 00:01:21
mision23;T8_enter;2023-01-23 00:01:34
mision23;T7_enter;2023-01-23 00:01:35
mision23;T4_enter;2023-01-23 00:01:35
mision23;T8_task8;2023-01-23 00:02:23
mision23;T7_task7;2023-01-23 00:02:24
mision23;T4_task4;2023-01-23 00:02:24
mision23;T6_enter;2023-01-23 00:03:27
mision23;T6_task6;2023-01-23 00:04:16
mision23;T2_enter;2023-01-23 00:04:19
mision23;T1_enter;2023-01-23 00:04:22
mision23;T2_task2;2023-01-23 00:05:08
mision23;T1_task1;2023-01-23 00:05:11
mision23;T5_enter;2023-01-23 00:18:27
mision23;T5_task5;2023-01-23 00:19:16
mision23;T1-T8_task9;2023-01-23 00:19:29
mision24;T8_enter;2023-01-24 00:00:36
mision24;T7_enter;2023-01-24 00:00:43
mision24;T8_task8;2023-01-24 00:01:25
mision24;T7_task7;2023-01-24 00:01:32
mision24;T6_enter;2023-01-24 00:01:35
mision24;T3_enter;2023-01-24 00:01:55
mision24;T6_task6;2023-01-24 00:02:24
mision24;T3_task3;2023-01-24 00:02:44
mision24;T5_enter;2023-01-24 00:02:48
mision24;T5_task5;2023-01-24 00:03:37
mision24;T2_enter;2023-01-24 00:04:13
mision24;T2_task2;2023-01-24 00:05:02
mision24;T4_enter;2023-01-24 00:14:13
mision24;T4_task4;2023-01-24 00:15:02
mision24;T1_enter;2023-01-24 00:19:04
mision24;T1_task1;2023-01-24 00:19:53
mision24;T1-T8_task9;2023-01-24 00:20:06
mision25;T3_enter;2023-01-25 00:00:35
mision25;T7_enter;2023-01-25 00:01:01
mision25;T8_enter;2023-01-25 00:01:20
mision25;T3_task3;2023-01-25 00:01:24
mision25;T7_task7;2023-01-25 00:01:50
mision25;T4_enter;2023-01-25 00:01:57
mision25;T2_enter;2023-01-25 00:02:05
mision25;T8_task8;2023-01-25 00:02:09
mision25;T4_task4;2023-01-25 00:02:46
mision25;T2_task2;2023-01-25 00:02:54
mision25;T6_enter;2023-01-25 00:03:44
mision25;T6_task6;2023-01-25 00:04:33
mision25;T5_enter;2023-01-25 00:08:05
mision25;T5_task5;2023-01-25 00:08:54
mision25;T1_enter;2023-01-25 00:16:35
mision25;T1_task1;2023-01-25 00:17:24
mision25;T1-T8_task9;2023-01-25 00:17:37
mision26;T3_enter;2023-01-26 00:00:51
mision26;T8_enter;2023-01-26 00:01:01
mision26;T3_task3;2023-01-26 00:01:40
mision26;T8_task8;2023-01-26 00:01:50
mision26;T6_enter;2023-01-26 00:02:07
mision26;T7_enter;2023-01-26 00:02:10
mision26;T6_task6;2023-01-26 00:02:56
mision26;T7_task7;2023-01-26 00:02:59
mision26;T4_enter;2023-01-26 00:03:28
mision26;T4_task4;2023-01-26 00:04:17
mision26;T2_enter;2023-01-26 00:05:34
mision26;T2_task2;2023-01-26 00:06:23
mision26;T1_enter;2023-01-26 00:10:44
mision26;T1_task1;2023-01-26 00:11:33
mision26;T5_enter;2023-01-26 00:41:17
mision26;T5_task5;2023-01-26 00:42:06
mision26;T1-T8_task9;2023-01-26 00:42:18
mision27;T4_enter;2023-01-27 00:00:39
mision27;T7_enter;2023-01-27 00:00:48
mision27;T8_enter;2023-01-27 00:01:27
mision27;T4_task4;2023-01-27 00:01:28
mision27;T7_task7;2023-01-27 00:01:37
mision27;T6_enter;2023-01-27 00:01:56
mision27;T3_enter;2023-01-27 00:02:06
mision27;T8_task8;2023-01-27 00:02:16
mision27;T6_task6;2023-01-27 00:02:45
mision27;T2_enter;2023-01-27 00:02:51
mision27;T3_task3;2023-01-27 00:02:55
mision27;T1_enter;2023-01-27 00:02:57
mision27;T2_task2;2023-01-27 00:03:40
mision27;T1_task1;2023-01-27 00:03:46
mision27;T5_enter;2023-01-27 00:05:31
mision27;T5_task5;2023-01-27 00:06:20
mision27;T1-T8_task9;2023-01-27 00:06:33
mision28;T3_enter;2023-01-28 00:01:43
mision28;T4_enter;2023-01-28 00:01:49
mision28;T8_enter;2023-01-28 00:01:50
mision28;T3_task3;2023-01-28 00:02:32
mision28;T4_task4;2023-01-28 00:02:38
mision28;T8_task8;2023-01-28 00:02:39
mision28;T7_enter;2023-01-28 00:02:41
mision28;T6_enter;2023-01-28 00:03:28
mision28;T7_task7;2023-01-28 00:03:30
mision28;T2_enter;2023-01-28 00:04:01
mision28;T6_task6;2023-01-28 00:04:17
mision28;T2_task2;2023-01-28 00:04:50
mision28;T1_enter;2023-01-28 00:07:31
mision28;T1_task1;2023-01-28 00:08:20
mision28;T5_enter;2023-01-28 00:25:39
mision28;T5_task5;2023-01-28 00:26:28
mision28;T1-T8_task9;2023-01-28 00:26:40
mision29;T3_enter;2023-01-29 00:00:33
mision29;T7_enter;2023-01-29 00:01:08
mision29;T8_enter;2023-01-29 00:01:20
mision29;T3_task3;2023-01-29 00:01:22
mision29;T4_enter;2023-01-29 00:01:37
mision29;T7_task7;2023-01-29 00:01:57
mision29;T8_task8;2023-01-29 00:02:09
mision29;T6_enter;2023-01-29 00:02:25
mision29;T4_task4;2023-01-29 00:02:26
mision29;T1_enter;2023-01-29 00:02:57
mision29;T6_task6;2023-01-29 00:03:14
mision29;T5_enter;2023-01-29 00:03:41
mision29;T1_task1;2023-01-29 00:03:46
mision29;T5_task5;2023-01-29 00:04:30
mision29;T2_enter;2023-01-29 00:16:31
mision29;T2_task2;2023-01-29 00:17:20
mision29;T1-T8_task9;2023-01-29 00:17:32
mision30;T4_enter;2023-01-30 00:00:35
mision30;T7_enter;2023-01-30 00:00:40
mision30;T3_enter;2023-01-30 00:00:48
mision30;T4_task4;2023-01-30 00:01:24
mision30;T7_task7;2023-01-30 00:01:29
mision30;T8_enter;2023-01-30 00:01:32
mision30;T3_task3;2023-01-30 00:01:37
mision30;T6_enter;2023-01-30 00:01:49
mision30;T8_task8;2023-01-30 00:02:21
mision30;T6_task6;2023-01-30 00:02:38
mision30;T1_enter;2023-01-30 00:03:10
mision30;T2_enter;2023-01-30 00:03:47
mision30;T1_task1;2023-01-30 00:03:59
mision30;T2_task2;2023-01-30 00:04:36
mision30;T5_enter;2023-01-30 00:19:02
mision30;T5_task5;2023-01-30 00:19:51
mision30;T1-T8_task9;2023-01-30 00:20:04
mision31;T4_enter;2023-01-31 00:00:49
mision31;T7_enter;2023-01-31 00:00:59
mision31;T4_task4;2023-01-31 00:01:38
mision31;T8_enter;2023-01-31 00:01:47
mision31;T7_task7;2023-01-31 00:01:48
mision31;T6_enter;2023-01-31 00:01:50
mision31;T3_enter;2023-01-31 00:01:52
mision31;T8_task8;2023-01-31 00:02:36
mision31;T6_task6;2023-01-31 00:02:39
mision31;T3_task3;2023-01-31 00:02:41
mision31;T2_enter;2023-01-31 00:03:19
mision31;T2_task2;2023-01-31 00:04:08
mision31;T1_enter;2023-01-31 00:05:18
mision31;T1_task1;2023-01-31 00:06:07
mision31;T5_enter;2023-01-31 00:09:26
mision31;T5_task5;2023-02-01 00:10:15
mision31;T1-T8_task9;2023-02-01 00:10:27
mision32;T7_enter;2023-02-02 00:00:34
mision32;T7_task7;2023-02-02 00:01:23
mision32;T2_enter;2023-02-02 00:01:27
mision32;T8_enter;2023-02-02 00:01:57
mision32;T6_enter;2023-02-02 00:02:11
mision32;T2_task2;2023-02-02 00:02:16
mision32;T3_enter;2023-02-02 00:02:20
mision32;T8_task8;2023-02-02 00:02:46
mision32;T6_task6;2023-02-02 00:03:00
mision32;T3_task3;2023-02-02 00:03:09
mision32;T5_enter;2023-02-02 00:03:15
mision32;T5_task5;2023-02-02 00:04:04
mision32;T1_enter;2023-02-02 00:09:36
mision32;T1_task1;2023-02-02 00:10:25
mision32;T4_enter;2023-02-02 00:10:53
mision32;T4_task4;2023-02-02 00:11:42
mision32;T1-T8_task9;2023-02-02 00:11:55
mision33;T3_enter;2023-02-03 00:00:43
mision33;T4_enter;2023-02-03 00:01:18
mision33;T3_task3;2023-02-03 00:01:32
mision33;T7_enter;2023-02-03 00:01:39
mision33;T2_enter;2023-02-03 00:01:55
mision33;T4_task4;2023-02-03 00:02:07
mision33;T7_task7;2023-02-03 00:02:28
mision33;T1_enter;2023-02-03 00:02:44
mision33;T2_task2;2023-02-03 00:02:44
mision33;T1_task1;2023-02-03 00:03:33
mision33;T6_enter;2023-02-03 00:03:45
mision33;T8_enter;2023-02-03 00:04:23
mision33;T6_task6;2023-02-03 00:04:34
mision33;T8_task8;2023-02-03 00:05:12
mision33;T5_enter;2023-02-03 00:15:04
mision33;T5_task5;2023-02-03 00:15:53
mision33;T1-T8_task9;2023-02-03 00:16:06
mision34;T7_enter;2023-02-04 00:00:30
mision34;T2_enter;2023-02-04 00:01:11
mision34;T7_task7;2023-02-04 00:01:19
mision34;T4_enter;2023-02-04 00:01:30
mision34;T8_enter;2023-02-04 00:01:51
mision34;T6_enter;2023-02-04 00:01:51
mision34;T2_task2;2023-02-04 00:02:00
mision34;T4_task4;2023-02-04 00:02:19
mision34;T8_task8;2023-02-04 00:02:40
mision34;T6_task6;2023-02-04 00:02:40
mision34;T1_enter;2023-02-04 00:03:08
mision34;T1_task1;2023-02-04 00:03:57
mision34;T3_enter;2023-02-04 00:08:11
mision34;T3_task3;2023-02-04 00:09:00
mision34;T5_enter;2023-02-04 00:13:22
mision34;T5_task5;2023-02-04 00:14:11
mision34;T1-T8_task9;2023-02-04 00:14:24
mision35;T7_enter;2023-02-05 00:00:49
mision35;T3_enter;2023-02-05 00:01:26
mision35;T7_task7;2023-02-05 00:01:38
mision35;T3_task3;2023-02-05 00:02:15
mision35;T6_enter;2023-02-05 00:02:27
mision35;T4_enter;2023-02-05 00:02:36
mision35;T8_enter;2023-02-05 00:02:41
mision35;T6_task6;2023-02-05 00:03:16
mision35;T4_task4;2023-02-05 00:03:25
mision35;T8_task8;2023-02-05 00:03:30
mision35;T1_enter;2023-02-05 00:06:56
mision35;T1_task1;2023-02-05 00:07:45
mision35;T5_enter;2023-02-05 00:09:56
mision35;T5_task5;2023-02-05 00:10:45
mision35;T2_enter;2023-02-05 00:15:48
mision35;T2_task2;2023-02-05 00:16:37
mision35;T1-T8_task9;2023-02-05 00:16:50
mision36;T7_enter;2023-02-06 00:00:32
mision36;T8_enter;2023-02-06 00:01:10
mision36;T7_task7;2023-02-06 00:01:21
mision36;T4_enter;2023-02-06 00:01:21
mision36;T6_enter;2023-02-06 00:01:37
mision36;T8_task8;2023-02-06 00:01:59
mision36;T4_task4;2023-02-06 00:02:10
mision36;T6_task6;2023-02-06 00:02:26
mision36;T1_enter;2023-02-06 00:03:40
mision36;T3_enter;2023-02-06 00:04:06
mision36;T1_task1;2023-02-06 00:04:29
mision36;T5_enter;2023-02-06 00:04:52
mision36;T3_task3;2023-02-06 00:04:55
mision36;T5_task5;2023-02-06 00:05:41
mision36;T2_enter;2023-02-06 00:11:51
mision36;T2_task2;2023-02-06 00:12:40
mision36;T1-T8_task9;2023-02-06 00:12:53
mision37;T4_enter;2023-02-07 00:01:29
mision37;T6_enter;2023-02-07 00:01:34
mision37;T8_enter;2023-02-07 00:01:42
mision37;T7_enter;2023-02-07 00:02:12
mision37;T4_task4;2023-02-07 00:02:18
mision37;T6_task6;2023-02-07 00:02:23
mision37;T8_task8;2023-02-07 00:02:31
mision37;T7_task7;2023-02-07 00:03:01
mision37;T5_enter;2023-02-07 00:03:02
mision37;T5_task5;2023-02-07 00:03:51
mision37;T2_enter;2023-02-07 00:04:00
mision37;T3_enter;2023-02-07 00:04:33
mision37;T2_task2;2023-02-07 00:04:49
mision37;T3_task3;2023-02-07 00:05:22
mision37;T1_enter;2023-02-07 00:08:17
mision37;T1_task1;2023-02-07 00:09:06
mision37;T1-T8_task9;2023-02-07 00:09:19
mision38;T7_enter;2023-02-08 00:00:36
mision38;T3_enter;2023-02-08 00:00:53
mision38;T7_task7;2023-02-08 00:01:25
mision38;T4_enter;2023-02-08 00:01:30
mision38;T8_enter;2023-02-08 00:01:41
mision38;T3_task3;2023-02-08 00:01:42
mision38;T4_task4;2023-02-08 00:02:19
mision38;T8_task8;2023-02-08 00:02:30
mision38;T1_enter;2023-02-08 00:02:43
mision38;T1_task1;2023-02-08 00:03:32
mision38;T2_enter;2023-02-08 00:04:11
mision38;T2_task2;2023-02-08 00:05:00
mision38;T5_enter;2023-02-08 00:07:37
mision38;T5_task5;2023-02-08 00:08:26
mision38;T6_enter;2023-02-08 00:35:00
mision38;T6_task6;2023-02-08 00:35:49
mision38;T1-T8_task9;2023-02-08 00:36:01
mision39;T7_enter;2023-02-09 00:00:42
mision39;T3_enter;2023-02-09 00:00:46
mision39;T7_task7;2023-02-09 00:01:31
mision39;T8_enter;2023-02-09 00:01:33
mision39;T3_task3;2023-02-09 00:01:35
mision39;T8_task8;2023-02-09 00:02:22
mision39;T2_enter;2023-02-09 00:04:05
mision39;T1_enter;2023-02-09 00:04:12
mision39;T2_task2;2023-02-09 00:04:54
mision39;T1_task1;2023-02-09 00:05:01
mision39;T5_enter;2023-02-09 00:05:04
mision39;T5_task5;2023-02-09 00:05:53
mision39;T6_enter;2023-02-09 00:09:08
mision39;T6_task6;2023-02-09 00:09:57
mision39;T4_enter;2023-02-09 01:14:32
mision39;T4_task4;2023-02-09 01:15:21
mision39;T1-T8_task9;2023-02-09 01:15:34
mision40;T4_enter;2023-02-10 00:01:07
mision40;T3_enter;2023-02-10 00:01:27
mision40;T8_enter;2023-02-10 00:01:40
mision40;T4_task4;2023-02-10 00:01:56
mision40;T7_enter;2023-02-10 00:02:01
mision40;T3_task3;2023-02-10 00:02:16
mision40;T8_task8;2023-02-10 00:02:29
mision40;T7_task7;2023-02-10 00:02:50
mision40;T2_enter;2023-02-10 00:05:01
mision40;T2_task2;2023-02-10 00:05:50
mision40;T5_enter;2023-02-10 00:07:19
mision40;T5_task5;2023-02-10 00:08:08
mision40;T6_enter;2023-02-10 00:08:41
mision40;T6_task6;2023-02-10 00:09:30
mision40;T1_enter;2023-02-10 00:14:55
mision40;T1_task1;2023-02-10 00:15:44
mision40;T1-T8_task9;2023-02-10 00:15:56
mision41;T4_enter;2023-02-11 00:00:43
mision41;T4_task4;2023-02-11 00:01:32
mision41;T8_enter;2023-02-11 00:01:41
mision41;T3_enter;2023-02-11 00:01:54
mision41;T8_task8;2023-02-11 00:02:30
mision41;T3_task3;2023-02-11 00:02:43
mision41;T2_enter;2023-02-11 00:02:47
mision41;T2_task2;2023-02-11 00:03:36
mision41;T7_enter;2023-02-11 00:04:13
mision41;T1_enter;2023-02-11 00:04:20
mision41;T7_task7;2023-02-11 00:05:02
mision41;T1_task1;2023-02-11 00:05:09
mision41;T6_enter;2023-02-11 00:07:26
mision41;T5_enter;2023-02-11 00:08:12
mision41;T6_task6;2023-02-11 00:08:15
mision41;T5_task5;2023-02-11 00:09:01
mision41;T1-T8_task9;2023-02-11 00:09:14
mision42;T3_enter;2023-02-12 00:01:05
mision42;T8_enter;2023-02-12 00:01:24
mision42;T3_task3;2023-02-12 00:01:54
mision42;T7_enter;2023-02-12 00:02:06
mision42;T8_task8;2023-02-12 00:02:13
mision42;T4_enter;2023-02-12 00:02:14
mision42;T7_task7;2023-02-12 00:02:55
mision42;T4_task4;2023-02-12 00:03:03
mision42;T6_enter;2023-02-12 00:03:23
mision42;T6_task6;2023-02-12 00:04:12
mision42;T2_enter;2023-02-12 00:05:54
mision42;T2_task2;2023-02-12 00:06:43
mision42;T1_enter;2023-02-12 00:15:42
mision42;T1_task1;2023-02-12 00:16:31
mision42;T5_enter;2023-02-12 00:48:36
mision42;T5_task5;2023-02-12 00:49:25
mision42;T1-T8_task9;2023-02-12 00:49:37
mision43;T3_enter;2023-02-13 00:00:25
mision43;T7_enter;2023-02-13 00:00:54
mision43;T3_task3;2023-02-13 00:01:14
mision43;T8_enter;2023-02-13 00:01:20
mision43;T4_enter;2023-02-13 00:01:42
mision43;T7_task7;2023-02-13 00:01:43
mision43;T8_task8;2023-02-13 00:02:09
mision43;T6_enter;2023-02-13 00:02:17
mision43;T4_task4;2023-02-13 00:02:31
mision43;T6_task6;2023-02-13 00:03:06
mision43;T1_enter;2023-02-13 00:05:42
mision43;T1_task1;2023-02-13 00:06:31
mision43;T5_enter;2023-02-13 00:08:52
mision43;T2_enter;2023-02-13 00:09:38
mision43;T5_task5;2023-02-13 00:09:41
mision43;T2_task2;2023-02-13 00:10:27
mision43;T1-T8_task9;2023-02-13 00:10:40
mision44;T3_enter;2023-02-14 00:00:34
mision44;T7_enter;2023-02-14 00:00:40
mision44;T3_task3;2023-02-14 00:01:23
mision44;T7_task7;2023-02-14 00:01:29
mision44;T6_enter;2023-02-14 00:01:33
mision44;T8_enter;2023-02-14 00:01:44
mision44;T6_task6;2023-02-14 00:02:22
mision44;T8_task8;2023-02-14 00:02:33
mision44;T5_enter;2023-02-14 00:02:48
mision44;T5_task5;2023-02-14 00:03:37
mision44;T2_enter;2023-02-14 00:05:55
mision44;T1_enter;2023-02-14 00:06:32
mision44;T2_task2;2023-02-14 00:06:44
mision44;T1_task1;2023-02-14 00:07:21
mision44;T4_enter;2023-02-14 00:10:51
mision44;T4_task4;2023-02-14 00:11:40
mision44;T1-T8_task9;2023-02-14 00:11:52
mision45;T7_enter;2023-02-15 00:00:48
mision45;T4_enter;2023-02-15 00:01:15
mision45;T2_enter;2023-02-15 00:01:34
mision45;T7_task7;2023-02-15 00:01:37
mision45;T8_enter;2023-02-15 00:01:38
mision45;T4_task4;2023-02-15 00:02:04
mision45;T3_enter;2023-02-15 00:02:18
mision45;T2_task2;2023-02-15 00:02:23
mision45;T8_task8;2023-02-15 00:02:27
mision45;T3_task3;2023-02-15 00:03:07
mision45;T5_enter;2023-02-15 00:03:47
mision45;T5_task5;2023-02-15 00:04:36
mision45;T6_enter;2023-02-15 00:05:44
mision45;T1_enter;2023-02-15 00:05:50
mision45;T6_task6;2023-02-15 00:06:33
mision45;T1_task1;2023-02-15 00:06:39
mision45;T1-T8_task9;2023-02-15 00:06:52
mision46;T7_enter;2023-02-16 00:01:10
mision46;T4_enter;2023-02-16 00:01:25
mision46;T6_enter;2023-02-16 00:01:59
mision46;T7_task7;2023-02-16 00:01:59
mision46;T4_task4;2023-02-16 00:02:14
mision46;T6_task6;2023-02-16 00:02:48
mision46;T5_enter;2023-02-16 00:02:58
mision46;T5_task5;2023-02-16 00:03:47
mision46;T8_enter;2023-02-16 00:03:58
mision46;T2_enter;2023-02-16 00:04:44
mision46;T8_task8;2023-02-16 00:04:47
mision46;T1_enter;2023-02-16 00:05:00
mision46;T3_enter;2023-02-16 00:05:03
mision46;T2_task2;2023-02-16 00:05:33
mision46;T1_task1;2023-02-16 00:05:49
mision46;T3_task3;2023-02-16 00:05:52
mision46;T1-T8_task9;2023-02-16 00:06:05
mision47;T7_enter;2023-02-17 00:00:39
mision47;T3_enter;2023-02-17 00:00:40
mision47;T8_enter;2023-02-17 00:01:25
mision47;T7_task7;2023-02-17 00:01:28
mision47;T3_task3;2023-02-17 00:01:29
mision47;T4_enter;2023-02-17 00:01:51
mision47;T8_task8;2023-02-17 00:02:14
mision47;T4_task4;2023-02-17 00:02:40
mision47;T2_enter;2023-02-17 00:02:52
mision47;T2_task2;2023-02-17 00:03:41
mision47;T5_enter;2023-02-17 00:05:11
mision47;T5_task5;2023-02-17 00:06:00
mision47;T1_enter;2023-02-17 00:09:32
mision47;T1_task1;2023-02-17 00:10:21
mision47;T6_enter;2023-02-17 00:17:49
mision47;T6_task6;2023-02-17 00:18:38
mision47;T1-T8_task9;2023-02-17 00:18:50
mision48;T7_enter;2023-02-18 00:00:38
mision48;T8_enter;2023-02-18 00:00:46
mision48;T6_enter;2023-02-18 00:00:52
mision48;T7_task7;2023-02-18 00:01:27
mision48;T8_task8;2023-02-18 00:01:35
mision48;T6_task6;2023-02-18 00:01:41
mision48;T3_enter;2023-02-18 00:02:25
mision48;T5_enter;2023-02-18 00:02:43
mision48;T4_enter;2023-02-18 00:02:55
mision48;T3_task3;2023-02-18 00:03:14
mision48;T5_task5;2023-02-18 00:03:32
mision48;T2_enter;2023-02-18 00:03:41
mision48;T4_task4;2023-02-18 00:03:44
mision48;T2_task2;2023-02-18 00:04:30
mision48;T1_enter;2023-02-18 00:06:45
mision48;T1_task1;2023-02-18 00:07:34
mision48;T1-T8_task9;2023-02-18 00:07:47
mision49;T3_enter;2023-02-19 00:00:24
mision49;T8_enter;2023-02-19 00:00:48
mision49;T7_enter;2023-02-19 00:01:03
mision49;T3_task3;2023-02-19 00:01:13
mision49;T8_task8;2023-02-19 00:01:37
mision49;T2_enter;2023-02-19 00:01:47
mision49;T7_task7;2023-02-19 00:01:52
mision49;T5_enter;2023-02-19 00:01:55
mision49;T2_task2;2023-02-19 00:02:36
mision49;T5_task5;2023-02-19 00:02:44
mision49;T1_enter;2023-02-19 00:03:35
mision49;T1_task1;2023-02-19 00:04:24
mision49;T4_enter;2023-02-19 00:08:48
mision49;T4_task4;2023-02-19 00:09:37
mision49;T6_enter;2023-02-19 00:12:56
mision49;T6_task6;2023-02-19 00:13:45
mision49;T1-T8_task9;2023-02-19 00:13:58
mision50;T7_enter;2023-02-20 00:00:42
mision50;T3_enter;2023-02-20 00:00:50
mision50;T8_enter;2023-02-20 00:00:56
mision50;T7_task7;2023-02-20 00:01:31
mision50;T3_task3;2023-02-20 00:01:39
mision50;T4_enter;2023-02-20 00:01:42
mision50;T8_task8;2023-02-20 00:01:45
mision50;T6_enter;2023-02-20 00:01:53
mision50;T4_task4;2023-02-20 00:02:31
mision50;T6_task6;2023-02-20 00:02:42
mision50;T1_enter;2023-02-20 00:03:55
mision50;T1_task1;2023-02-20 00:04:44
mision50;T2_enter;2023-02-20 00:07:19
mision50;T2_task2;2023-02-20 00:08:08
mision50;T5_enter;2023-02-20 00:14:17
mision50;T5_task5;2023-02-20 00:15:06
mision50;T1-T8_task9;2023-02-20 00:15:19
mision51;T8_enter;2023-02-21 00:00:51
mision51;T3_enter;2023-02-21 00:00:54
mision51;T4_enter;2023-02-21 00:01:16
mision51;T6_enter;2023-02-21 00:01:17
mision51;T8_task8;2023-02-21 00:01:40
mision51;T3_task3;2023-02-21 00:01:43
mision51;T4_task4;2023-02-21 00:02:05
mision51;T6_task6;2023-02-21 00:02:06
mision51;T7_enter;2023-02-21 00:02:06
mision51;T2_enter;2023-02-21 00:02:27
mision51;T7_task7;2023-02-21 00:02:55
mision51;T2_task2;2023-02-21 00:03:16
mision51;T1_enter;2023-02-21 00:05:17
mision51;T1_task1;2023-02-21 00:06:06
mision51;T5_enter;2023-02-21 00:07:50
mision51;T5_task5;2023-02-21 00:08:39
mision51;T1-T8_task9;2023-02-21 00:08:52
mision52;T7_enter;2023-02-22 00:00:46
mision52;T8_enter;2023-02-22 00:00:47
mision52;T2_enter;2023-02-22 00:01:34
mision52;T7_task7;2023-02-22 00:01:35
mision52;T8_task8;2023-02-22 00:01:36
mision52;T6_enter;2023-02-22 00:01:44
mision52;T1_enter;2023-02-22 00:02:22
mision52;T2_task2;2023-02-22 00:02:23
mision52;T6_task6;2023-02-22 00:02:33
mision52;T3_enter;2023-02-22 00:02:43
mision52;T1_task1;2023-02-22 00:03:11
mision52;T3_task3;2023-02-22 00:03:32
mision52;T5_enter;2023-02-22 00:20:35
mision52;T5_task5;2023-02-22 00:21:24
mision52;T4_enter;2023-02-22 00:27:59
mision52;T4_task4;2023-02-22 00:28:48
mision52;T1-T8_task9;2023-02-22 00:29:00
mision53;T3_enter;2023-02-23 00:00:22
mision53;T7_enter;2023-02-23 00:00:57
mision53;T3_task3;2023-02-23 00:01:11
mision53;T7_task7;2023-02-23 00:01:46
mision53;T6_enter;2023-02-23 00:02:04
mision53;T6_task6;2023-02-23 00:02:53
mision53;T5_enter;2023-02-23 00:02:55
mision53;T5_task5;2023-02-23 00:03:44
mision53;T2_enter;2023-02-23 00:04:53
mision53;T8_enter;2023-02-23 00:05:07
mision53;T2_task2;2023-02-23 00:05:42
mision53;T8_task8;2023-02-23 00:05:56
mision53;T4_enter;2023-02-23 00:08:38
mision53;T4_task4;2023-02-23 00:09:27
mision53;T1_enter;2023-02-23 00:11:00
mision53;T1_task1;2023-02-23 00:11:49
mision53;T1-T8_task9;2023-02-23 00:12:01
mision54;T3_enter;2023-02-24 00:00:46
mision54;T7_enter;2023-02-24 00:00:47
mision54;T4_enter;2023-02-24 00:01:30
mision54;T3_task3;2023-02-24 00:01:35
mision54;T7_task7;2023-02-24 00:01:36
mision54;T8_enter;2023-02-24 00:01:59
mision54;T2_enter;2023-02-24 00:02:13
mision54;T4_task4;2023-02-24 00:02:19
mision54;T6_enter;2023-02-24 00:02:37
mision54;T8_task8;2023-02-24 00:02:48
mision54;T2_task2;2023-02-24 00:03:02
mision54;T6_task6;2023-02-24 00:03:26
mision54;T5_enter;2023-02-24 00:07:00
mision54;T5_task5;2023-02-24 00:07:49
mision54;T1_enter;2023-02-24 00:12:51
mision54;T1_task1;2023-02-24 00:13:40
mision54;T1-T8_task9;2023-02-24 00:13:52
mision55;T7_enter;2023-02-25 00:00:47
mision55;T8_enter;2023-02-25 00:01:29
mision55;T7_task7;2023-02-25 00:01:36
mision55;T2_enter;2023-02-25 00:01:50
mision55;T8_task8;2023-02-25 00:02:18
mision55;T1_enter;2023-02-25 00:02:28
mision55;T2_task2;2023-02-25 00:02:39
mision55;T1_task1;2023-02-25 00:03:17
mision55;T6_enter;2023-02-25 00:04:34
mision55;T5_enter;2023-02-25 00:04:57
mision55;T6_task6;2023-02-25 00:05:23
mision55;T5_task5;2023-02-25 00:05:46
mision55;T3_enter;2023-02-25 00:10:17
mision55;T3_task3;2023-02-25 00:11:06
mision55;T4_enter;2023-02-25 00:17:20
mision55;T4_task4;2023-02-25 00:18:09
mision55;T1-T8_task9;2023-02-25 00:18:21
mision56;T3_enter;2023-02-26 00:00:24
mision56;T7_enter;2023-02-26 00:00:56
mision56;T3_task3;2023-02-26 00:01:13
mision56;T2_enter;2023-02-26 00:01:28
mision56;T4_enter;2023-02-26 00:01:40
mision56;T7_task7;2023-02-26 00:01:45
mision56;T2_task2;2023-02-26 00:02:17
mision56;T4_task4;2023-02-26 00:02:29
mision56;T6_enter;2023-02-26 00:02:38
mision56;T6_task6;2023-02-26 00:03:27
mision56;T8_enter;2023-02-26 00:04:01
mision56;T8_task8;2023-02-26 00:04:50
mision56;T1_enter;2023-02-26 00:10:53
mision56;T1_task1;2023-02-26 00:11:42
mision56;T5_enter;2023-02-26 00:29:02
mision56;T5_task5;2023-02-26 00:29:51
mision56;T1-T8_task9;2023-02-26 00:30:04
mision57;T3_enter;2023-02-27 00:00:28
mision57;T7_enter;2023-02-27 00:00:39
mision57;T4_enter;2023-02-27 00:00:51
mision57;T3_task3;2023-02-27 00:01:17
mision57;T7_task7;2023-02-27 00:01:28
mision57;T6_enter;2023-02-27 00:01:37
mision57;T4_task4;2023-02-27 00:01:40
mision57;T2_enter;2023-02-27 00:02:13
mision57;T6_task6;2023-02-27 00:02:26
mision57;T2_task2;2023-02-27 00:03:02
mision57;T1_enter;2023-02-27 00:03:02
mision57;T1_task1;2023-02-27 00:03:51
mision57;T5_enter;2023-02-27 00:06:41
mision57;T5_task5;2023-02-27 00:07:30
mision57;T8_enter;2023-02-27 00:08:46
mision57;T8_task8;2023-02-27 00:09:35
mision57;T1-T8_task9;2023-02-27 00:09:47
mision58;T7_enter;2023-02-28 00:00:36
mision58;T8_enter;2023-02-28 00:00:42
mision58;T7_task7;2023-02-28 00:01:25
mision58;T8_task8;2023-02-28 00:01:31
mision58;T6_enter;2023-02-28 00:01:39
mision58;T3_enter;2023-02-28 00:02:15
mision58;T6_task6;2023-02-28 00:02:28
mision58;T5_enter;2023-02-28 00:02:51
mision58;T3_task3;2023-02-28 00:03:04
mision58;T5_task5;2023-02-28 00:03:40
mision58;T4_enter;2023-02-28 00:03:41
mision58;T2_enter;2023-02-28 00:04:10
mision58;T4_task4;2023-02-28 00:04:30
mision58;T2_task2;2023-02-28 00:04:59
mision58;T1_enter;2023-02-28 00:13:01
mision58;T1_task1;2023-02-28 00:13:50
mision58;T1-T8_task9;2023-02-28 00:14:03
mision59;T7_enter;2023-03-02 00:00:17
mision59;T4_enter;2023-03-02 00:00:53
mision59;T7_task7;2023-03-02 00:01:06
mision59;T3_enter;2023-03-02 00:01:34
mision59;T8_enter;2023-03-02 00:01:35
mision59;T4_task4;2023-03-02 00:01:42
mision59;T2_enter;2023-03-02 00:01:58
mision59;T3_task3;2023-03-02 00:02:23
mision59;T8_task8;2023-03-02 00:02:24
mision59;T2_task2;2023-03-02 00:02:47
mision59;T6_enter;2023-03-02 00:03:32
mision59;T6_task6;2023-03-02 00:04:21
mision59;T1_enter;2023-03-02 00:05:14
mision59;T1_task1;2023-03-02 00:06:03
mision59;T5_enter;2023-03-02 00:07:49
mision59;T5_task5;2023-03-02 00:08:38
mision59;T1-T8_task9;2023-03-02 00:08:50
mision60;T8_enter;2023-03-03 00:00:52
mision60;T4_enter;2023-03-03 00:01:08
mision60;T8_task8;2023-03-03 00:01:41
mision60;T4_task4;2023-03-03 00:01:57
mision60;T7_enter;2023-03-03 00:02:01
mision60;T3_enter;2023-03-03 00:02:42
mision60;T7_task7;2023-03-03 00:02:50
mision60;T6_enter;2023-03-03 00:03:04
mision60;T3_task3;2023-03-03 00:03:31
mision60;T2_enter;2023-03-03 00:03:37
mision60;T6_task6;2023-03-03 00:03:53
mision60;T5_enter;2023-03-03 00:04:18
mision60;T2_task2;2023-03-03 00:04:26
mision60;T1_enter;2023-03-03 00:04:59
mision60;T5_task5;2023-03-03 00:05:07
mision60;T1_task1;2023-03-03 00:05:48
mision60;T1-T8_task9;2023-03-03 00:06:01
mision61;T3_enter;2023-03-04 00:00:49
mision61;T8_enter;2023-03-04 00:01:01
mision61;T4_enter;2023-03-04 00:01:09
mision61;T7_enter;2023-03-04 00:01:38
mision61;T3_task3;2023-03-04 00:01:38
mision61;T8_task8;2023-03-04 00:01:50
mision61;T4_task4;2023-03-04 00:01:58
mision61;T7_task7;2023-03-04 00:02:27
mision61;T6_enter;2023-03-04 00:02:39
mision61;T1_enter;2023-03-04 00:02:55
mision61;T6_task6;2023-03-04 00:03:28
mision61;T1_task1;2023-03-04 00:03:44
mision61;T5_enter;2023-03-04 00:03:48
mision61;T5_task5;2023-03-04 00:04:37
mision61;T2_enter;2023-03-04 00:07:38
mision61;T2_task2;2023-03-04 00:08:27
mision61;T1-T8_task9;2023-03-04 00:08:39
mision62;T7_enter;2023-03-05 00:00:40
mision62;T8_enter;2023-03-05 00:01:19
mision62;T7_task7;2023-03-05 00:01:29
mision62;T6_enter;2023-03-05 00:01:36
mision62;T4_enter;2023-03-05 00:01:37
mision62;T8_task8;2023-03-05 00:02:08
mision62;T2_enter;2023-03-05 00:02:08
mision62;T6_task6;2023-03-05 00:02:25
mision62;T4_task4;2023-03-05 00:02:26
mision62;T1_enter;2023-03-05 00:02:42
mision62;T3_enter;2023-03-05 00:02:46
mision62;T2_task2;2023-03-05 00:02:57
mision62;T1_task1;2023-03-05 00:03:31
mision62;T3_task3;2023-03-05 00:03:35
mision62;T5_enter;2023-03-05 00:17:55
mision62;T5_task5;2023-03-05 00:18:44
mision62;T1-T8_task9;2023-03-05 00:18:56
mision63;T7_enter;2023-03-06 00:00:30
mision63;T3_enter;2023-03-06 00:00:44
mision63;T7_task7;2023-03-06 00:01:19
mision63;T8_enter;2023-03-06 00:01:29
mision63;T3_task3;2023-03-06 00:01:33
mision63;T4_enter;2023-03-06 00:01:47
mision63;T6_enter;2023-03-06 00:01:50
mision63;T2_enter;2023-03-06 00:02:18
mision63;T8_task8;2023-03-06 00:02:18
mision63;T4_task4;2023-03-06 00:02:36
mision63;T6_task6;2023-03-06 00:02:39
mision63;T2_task2;2023-03-06 00:03:07
mision63;T1_enter;2023-03-06 00:12:47
mision63;T1_task1;2023-03-06 00:13:36
mision63;T5_enter;2023-03-06 00:14:23
mision63;T5_task5;2023-03-06 00:15:12
mision63;T1-T8_task9;2023-03-06 00:15:24
mision64;T7_enter;2023-03-07 00:00:17
mision64;T4_enter;2023-03-07 00:00:53
mision64;T7_task7;2023-03-07 00:01:06
mision64;T3_enter;2023-03-07 00:01:34
mision64;T8_enter;2023-03-07 00:01:35
mision64;T4_task4;2023-03-07 00:01:42
mision64;T2_enter;2023-03-07 00:01:58
mision64;T3_task3;2023-03-07 00:02:23
mision64;T8_task8;2023-03-07 00:02:24
mision64;T2_task2;2023-03-07 00:02:47
mision64;T6_enter;2023-03-07 00:03:32
mision64;T6_task6;2023-03-07 00:04:21
mision64;T1_enter;2023-03-07 00:05:14
mision64;T1_task1;2023-03-07 00:06:03
mision64;T5_enter;2023-03-07 00:07:49
mision64;T5_task5;2023-03-07 00:08:38
mision64;T1-T8_task9;2023-03-07 00:08:50
mision65;T3_enter;2023-03-08 00:00:47
mision65;T8_enter;2023-03-08 00:01:13
mision65;T3_task3;2023-03-08 00:01:36
mision65;T7_enter;2023-03-08 00:01:53
mision65;T8_task8;2023-03-08 00:02:02
mision65;T2_enter;2023-03-08 00:02:13
mision65;T7_task7;2023-03-08 00:02:42
mision65;T6_enter;2023-03-08 00:02:55
mision65;T2_task2;2023-03-08 00:03:02
mision65;T6_task6;2023-03-08 00:03:44
mision65;T1_enter;2023-03-08 00:05:09
mision65;T1_task1;2023-03-08 00:05:58
mision65;T5_enter;2023-03-08 00:13:36
mision65;T5_task5;2023-03-08 00:14:25
mision65;T4_enter;2023-03-08 00:23:23
mision65;T4_task4;2023-03-08 00:24:12
mision65;T1-T8_task9;2023-03-08 00:24:24
mision66;T7_enter;2023-03-09 00:00:38
mision66;T3_enter;2023-03-09 00:00:43
mision66;T4_enter;2023-03-09 00:01:20
mision66;T7_task7;2023-03-09 00:01:27
mision66;T3_task3;2023-03-09 00:01:32
mision66;T6_enter;2023-03-09 00:01:58
mision66;T4_task4;2023-03-09 00:02:09
mision66;T6_task6;2023-03-09 00:02:47
mision66;T2_enter;2023-03-09 00:03:32
mision66;T2_task2;2023-03-09 00:04:21
mision66;T1_enter;2023-03-09 00:04:37
mision66;T1_task1;2023-03-09 00:05:26
mision66;T8_enter;2023-03-09 00:12:36
mision66;T8_task8;2023-03-09 00:13:25
mision66;T5_enter;2023-03-09 00:29:20
mision66;T5_task5;2023-03-09 00:30:09
mision66;T1-T8_task9;2023-03-09 00:30:21
mision67;T7_enter;2023-03-10 00:00:41
mision67;T8_enter;2023-03-10 00:00:57
mision67;T7_task7;2023-03-10 00:01:30
mision67;T6_enter;2023-03-10 00:01:36
mision67;T4_enter;2023-03-10 00:01:44
mision67;T8_task8;2023-03-10 00:01:46
mision67;T6_task6;2023-03-10 00:02:25
mision67;T4_task4;2023-03-10 00:02:33
mision67;T5_enter;2023-03-10 00:02:43
mision67;T1_enter;2023-03-10 00:03:29
mision67;T5_task5;2023-03-10 00:03:32
mision67;T1_task1;2023-03-10 00:04:18
mision67;T3_enter;2023-03-10 00:04:24
mision67;T3_task3;2023-03-10 00:05:13
mision67;T2_enter;2023-03-10 00:30:37
mision67;T2_task2;2023-03-10 00:31:26
mision67;T1-T8_task9;2023-03-10 00:31:38
mision68;T3_enter;2023-03-11 00:00:38
mision68;T7_enter;2023-03-11 00:00:45
mision68;T8_enter;2023-03-11 00:01:22
mision68;T3_task3;2023-03-11 00:01:27
mision68;T7_task7;2023-03-11 00:01:34
mision68;T4_enter;2023-03-11 00:01:37
mision68;T6_enter;2023-03-11 00:01:37
mision68;T8_task8;2023-03-11 00:02:11
mision68;T4_task4;2023-03-11 00:02:26
mision68;T6_task6;2023-03-11 00:02:26
mision68;T2_enter;2023-03-11 00:03:32
mision68;T2_task2;2023-03-11 00:04:21
mision68;T5_enter;2023-03-11 00:11:28
mision68;T5_task5;2023-03-11 00:12:17
mision68;T1_enter;2023-03-11 00:22:22
mision68;T1_task1;2023-03-11 00:23:11
mision68;T1-T8_task9;2023-03-11 00:23:24
mision69;T7_enter;2023-03-12 00:00:43
mision69;T8_enter;2023-03-12 00:01:20
mision69;T7_task7;2023-03-12 00:01:32
mision69;T3_enter;2023-03-12 00:01:43
mision69;T6_enter;2023-03-12 00:01:57
mision69;T2_enter;2023-03-12 00:01:59
mision69;T4_enter;2023-03-12 00:02:09
mision69;T8_task8;2023-03-12 00:02:09
mision69;T3_task3;2023-03-12 00:02:32
mision69;T6_task6;2023-03-12 00:02:46
mision69;T2_task2;2023-03-12 00:02:48
mision69;T4_task4;2023-03-12 00:02:58
mision69;T1_enter;2023-03-12 00:07:10
mision69;T1_task1;2023-03-12 00:07:59
mision69;T5_enter;2023-03-12 00:14:22
mision69;T5_task5;2023-03-12 00:15:11
mision69;T1-T8_task9;2023-03-12 00:15:24
mision70;T7_enter;2023-03-13 00:00:56
mision70;T8_enter;2023-03-13 00:01:11
mision70;T7_task7;2023-03-13 00:01:45
mision70;T2_enter;2023-03-13 00:01:51
mision70;T3_enter;2023-03-13 00:01:57
mision70;T8_task8;2023-03-13 00:02:00
mision70;T2_task2;2023-03-13 00:02:40
mision70;T3_task3;2023-03-13 00:02:46
mision70;T1_enter;2023-03-13 00:02:55
mision70;T1_task1;2023-03-13 00:03:44
mision70;T6_enter;2023-03-13 00:03:50
mision70;T6_task6;2023-03-13 00:04:39
mision70;T5_enter;2023-03-13 00:05:20
mision70;T5_task5;2023-03-13 00:06:09
mision70;T4_enter;2023-03-13 00:11:03
mision70;T4_task4;2023-03-13 00:11:52
mision70;T1-T8_task9;2023-03-13 00:12:04
mision71;T7_enter;2023-03-14 00:00:36
mision71;T8_enter;2023-03-14 00:00:56
mision71;T4_enter;2023-03-14 00:01:08
mision71;T7_task7;2023-03-14 00:01:25
mision71;T3_enter;2023-03-14 00:01:27
mision71;T8_task8;2023-03-14 00:01:45
mision71;T4_task4;2023-03-14 00:01:57
mision71;T3_task3;2023-03-14 00:02:16
mision71;T1_enter;2023-03-14 00:04:29
mision71;T6_enter;2023-03-14 00:04:59
mision71;T1_task1;2023-03-14 00:05:18
mision71;T6_task6;2023-03-14 00:05:48
mision71;T2_enter;2023-03-14 00:08:21
mision71;T2_task2;2023-03-14 00:09:10
mision71;T5_enter;2023-03-14 00:10:31
mision71;T5_task5;2023-03-14 00:11:20
mision71;T1-T8_task9;2023-03-14 00:11:33
mision72;T3_enter;2023-03-15 00:00:32
mision72;T8_enter;2023-03-15 00:00:47
mision72;T7_enter;2023-03-15 00:00:57
mision72;T3_task3;2023-03-15 00:01:21
mision72;T8_task8;2023-03-15 00:01:36
mision72;T4_enter;2023-03-15 00:01:37
mision72;T7_task7;2023-03-15 00:01:46
mision72;T2_enter;2023-03-15 00:02:02
mision72;T4_task4;2023-03-15 00:02:26
mision72;T2_task2;2023-03-15 00:02:51
mision72;T6_enter;2023-03-15 00:04:25
mision72;T6_task6;2023-03-15 00:05:14
mision72;T5_enter;2023-03-15 00:07:41
mision72;T5_task5;2023-03-15 00:08:30
mision72;T1_enter;2023-03-15 00:11:40
mision72;T1_task1;2023-03-15 00:12:29
mision72;T1-T8_task9;2023-03-15 00:12:42
mision73;T3_enter;2023-03-16 00:00:39
mision73;T3_task3;2023-03-16 00:01:28
mision73;T7_enter;2023-03-16 00:01:36
mision73;T4_enter;2023-03-16 00:01:46
mision73;T2_enter;2023-03-16 00:01:48
mision73;T7_task7;2023-03-16 00:02:25
mision73;T4_task4;2023-03-16 00:02:35
mision73;T2_task2;2023-03-16 00:02:37
mision73;T8_enter;2023-03-16 00:03:29
mision73;T8_task8;2023-03-16 00:04:18
mision73;T6_enter;2023-03-16 00:04:47
mision73;T6_task6;2023-03-16 00:05:36
mision73;T1_enter;2023-03-16 00:05:48
mision73;T1_task1;2023-03-16 00:06:37
mision73;T5_enter;2023-03-16 00:38:26
mision73;T5_task5;2023-03-16 00:39:15
mision73;T1-T8_task9;2023-03-16 00:39:27
mision74;T7_enter;2023-03-17 00:00:42
mision74;T3_enter;2023-03-17 00:00:46
mision74;T7_task7;2023-03-17 00:01:31
mision74;T8_enter;2023-03-17 00:01:33
mision74;T3_task3;2023-03-17 00:01:35
mision74;T8_task8;2023-03-17 00:02:22
mision74;T2_enter;2023-03-17 00:04:05
mision74;T1_enter;2023-03-17 00:04:12
mision74;T2_task2;2023-03-17 00:04:54
mision74;T1_task1;2023-03-17 00:05:01
mision74;T5_enter;2023-03-17 00:05:04
mision74;T5_task5;2023-03-17 00:05:53
mision74;T6_enter;2023-03-17 00:09:08
mision74;T6_task6;2023-03-17 00:09:57
mision74;T4_enter;2023-03-17 01:14:32
mision74;T4_task4;2023-03-17 01:15:21
mision74;T1-T8_task9;2023-03-17 01:15:34
mision75;T4_enter;2023-03-18 00:01:07
mision75;T8_enter;2023-03-18 00:01:13
mision75;T7_enter;2023-03-18 00:01:22
mision75;T4_task4;2023-03-18 00:01:56
mision75;T8_task8;2023-03-18 00:02:02
mision75;T7_task7;2023-03-18 00:02:11
mision75;T6_enter;2023-03-18 00:02:21
mision75;T3_enter;2023-03-18 00:02:24
mision75;T6_task6;2023-03-18 00:03:10
mision75;T3_task3;2023-03-18 00:03:13
mision75;T2_enter;2023-03-18 00:06:16
mision75;T2_task2;2023-03-18 00:07:05
mision75;T1_enter;2023-03-18 00:07:10
mision75;T1_task1;2023-03-18 00:07:59
mision75;T5_enter;2023-03-18 00:08:41
mision75;T5_task5;2023-03-18 00:09:30
mision75;T1-T8_task9;2023-03-18 00:09:43
mision76;T3_enter;2023-03-19 00:00:36
mision76;T8_enter;2023-03-19 00:00:59
mision76;T3_task3;2023-03-19 00:01:25
mision76;T8_task8;2023-03-19 00:01:48
mision76;T4_enter;2023-03-19 00:01:58
mision76;T7_enter;2023-03-19 00:02:18
mision76;T4_task4;2023-03-19 00:02:47
mision76;T7_task7;2023-03-19 00:03:07
mision76;T1_enter;2023-03-19 00:03:10
mision76;T1_task1;2023-03-19 00:03:59
mision76;T6_enter;2023-03-19 00:04:55
mision76;T6_task6;2023-03-19 00:05:44
mision76;T5_enter;2023-03-19 00:08:50
mision76;T2_enter;2023-03-19 00:09:00
mision76;T5_task5;2023-03-19 00:09:39
mision76;T2_task2;2023-03-19 00:09:49
mision76;T1-T8_task9;2023-03-19 00:10:01
mision77;T7_enter;2023-03-20 00:00:39
mision77;T4_enter;2023-03-20 00:00:57
mision77;T3_enter;2023-03-20 00:01:10
mision77;T2_enter;2023-03-20 00:01:15
mision77;T7_task7;2023-03-20 00:01:28
mision77;T4_task4;2023-03-20 00:01:46
mision77;T6_enter;2023-03-20 00:01:58
mision77;T3_task3;2023-03-20 00:01:59
mision77;T2_task2;2023-03-20 00:02:04
mision77;T6_task6;2023-03-20 00:02:47
mision77;T8_enter;2023-03-20 00:04:06
mision77;T5_enter;2023-03-20 00:04:07
mision77;T1_enter;2023-03-20 00:04:51
mision77;T8_task8;2023-03-20 00:04:55
mision77;T5_task5;2023-03-20 00:04:56
mision77;T1_task1;2023-03-20 00:05:40
mision77;T1-T8_task9;2023-03-20 00:05:52
mision78;T7_enter;2023-03-21 00:00:58
mision78;T3_enter;2023-03-21 00:01:00
mision78;T6_enter;2023-03-21 00:01:12
mision78;T7_task7;2023-03-21 00:01:47
mision78;T3_task3;2023-03-21 00:01:49
mision78;T6_task6;2023-03-21 00:02:01
mision78;T8_enter;2023-03-21 00:02:17
mision78;T8_task8;2023-03-21 00:03:06
mision78;T1_enter;2023-03-21 00:04:23
mision78;T1_task1;2023-03-21 00:05:12
mision78;T2_enter;2023-03-21 00:09:46
mision78;T4_enter;2023-03-21 00:10:31
mision78;T2_task2;2023-03-21 00:10:35
mision78;T4_task4;2023-03-21 00:11:20
mision78;T5_enter;2023-03-21 00:43:13
mision78;T5_task5;2023-03-21 00:44:02
mision78;T1-T8_task9;2023-03-21 00:44:15
mision79;T3_enter;2023-03-22 00:00:43
mision79;T6_enter;2023-03-22 00:01:25
mision79;T3_task3;2023-03-22 00:01:32
mision79;T8_enter;2023-03-22 00:01:34
mision79;T2_enter;2023-03-22 00:01:53
mision79;T7_enter;2023-03-22 00:02:05
mision79;T6_task6;2023-03-22 00:02:14
mision79;T8_task8;2023-03-22 00:02:23
mision79;T2_task2;2023-03-22 00:02:42
mision79;T7_task7;2023-03-22 00:02:54
mision79;T1_enter;2023-03-22 00:05:19
mision79;T1_task1;2023-03-22 00:06:08
mision79;T4_enter;2023-03-22 00:11:03
mision79;T4_task4;2023-03-22 00:11:52
mision79;T5_enter;2023-03-22 00:33:17
mision79;T5_task5;2023-03-22 00:34:06
mision79;T1-T8_task9;2023-03-22 00:34:18
mision80;T3_enter;2023-03-23 00:00:29
mision80;T7_enter;2023-03-23 00:00:53
mision80;T3_task3;2023-03-23 00:01:18
mision80;T7_task7;2023-03-23 00:01:42
mision80;T2_enter;2023-03-23 00:01:51
mision80;T2_task2;2023-03-23 00:02:40
mision80;T4_enter;2023-03-23 00:02:55
mision80;T5_enter;2023-03-23 00:03:26
mision80;T4_task4;2023-03-23 00:03:44
mision80;T6_enter;2023-03-23 00:03:50
mision80;T5_task5;2023-03-23 00:04:15
mision80;T6_task6;2023-03-23 00:04:39
mision80;T1_enter;2023-03-23 00:07:01
mision80;T1_task1;2023-03-23 00:07:50
mision80;T8_enter;2023-03-23 00:13:06
mision80;T8_task8;2023-03-23 00:13:55
mision80;T1-T8_task9;2023-03-23 00:14:07
mision81;T3_enter;2023-03-24 00:00:51
mision81;T8_enter;2023-03-24 00:01:19
mision81;T7_enter;2023-03-24 00:01:39
mision81;T3_task3;2023-03-24 00:01:40
mision81;T8_task8;2023-03-24 00:02:08
mision81;T7_task7;2023-03-24 00:02:28
mision81;T6_enter;2023-03-24 00:02:48
mision81;T5_enter;2023-03-24 00:02:49
mision81;T1_enter;2023-03-24 00:02:51
mision81;T6_task6;2023-03-24 00:03:37
mision81;T5_task5;2023-03-24 00:03:38
mision81;T1_task1;2023-03-24 00:03:40
mision81;T2_enter;2023-03-24 00:06:13
mision81;T2_task2;2023-03-24 00:07:02
mision81;T4_enter;2023-03-24 00:14:14
mision81;T4_task4;2023-03-24 00:15:03
mision81;T1-T8_task9;2023-03-24 00:15:16
mision82;T3_enter;2023-03-25 00:00:29
mision82;T7_enter;2023-03-25 00:00:49
mision82;T3_task3;2023-03-25 00:01:18
mision82;T4_enter;2023-03-25 00:01:29
mision82;T7_task7;2023-03-25 00:01:38
mision82;T4_task4;2023-03-25 00:02:18
mision82;T6_enter;2023-03-25 00:02:31
mision82;T6_task6;2023-03-25 00:03:20
mision82;T2_enter;2023-03-25 00:04:29
mision82;T2_task2;2023-03-25 00:05:18
mision82;T1_enter;2023-03-25 00:05:45
mision82;T1_task1;2023-03-25 00:06:34
mision82;T8_enter;2023-03-25 00:15:28
mision82;T8_task8;2023-03-25 00:16:17
mision82;T5_enter;2023-03-25 00:19:45
mision82;T5_task5;2023-03-25 00:20:34
mision82;T1-T8_task9;2023-03-25 00:20:47
mision83;T8_enter;2023-03-26 00:00:44
mision83;T7_enter;2023-03-26 00:00:46
mision83;T3_enter;2023-03-26 00:01:18
mision83;T8_task8;2023-03-26 00:01:33
mision83;T7_task7;2023-03-26 00:01:35
mision83;T6_enter;2023-03-26 00:01:44
mision83;T3_task3;2023-03-26 00:02:07
mision83;T6_task6;2023-03-26 00:02:33
mision83;T4_enter;2023-03-26 00:02:39
mision83;T4_task4;2023-03-26 00:03:28
mision83;T1_enter;2023-03-26 00:04:54
mision83;T2_enter;2023-03-26 00:05:30
mision83;T1_task1;2023-03-26 00:05:43
mision83;T2_task2;2023-03-26 00:06:19
mision83;T5_enter;2023-03-26 00:15:52
mision83;T5_task5;2023-03-26 00:16:41
mision83;T1-T8_task9;2023-03-26 00:16:53
mision84;T7_enter;2023-03-27 00:00:40
mision84;T2_enter;2023-03-27 00:00:57
mision84;T4_enter;2023-03-27 00:00:58
mision84;T3_enter;2023-03-27 00:01:19
mision84;T7_task7;2023-03-27 00:01:29
mision84;T2_task2;2023-03-27 00:01:46
mision84;T4_task4;2023-03-27 00:01:47
mision84;T8_enter;2023-03-27 00:01:53
mision84;T3_task3;2023-03-27 00:02:08
mision84;T8_task8;2023-03-27 00:02:42
mision84;T5_enter;2023-03-27 00:03:23
mision84;T5_task5;2023-03-27 00:04:12
mision84;T1_enter;2023-03-27 00:05:50
mision84;T1_task1;2023-03-27 00:06:39
mision84;T6_enter;2023-03-27 00:20:29
mision84;T6_task6;2023-03-27 00:21:18
mision84;T1-T8_task9;2023-03-27 00:21:31
mision85;T7_enter;2023-03-28 00:00:27
mision85;T3_enter;2023-03-28 00:00:40
mision85;T7_task7;2023-03-28 00:01:16
mision85;T4_enter;2023-03-28 00:01:17
mision85;T3_task3;2023-03-28 00:01:29
mision85;T8_enter;2023-03-28 00:01:29
mision85;T4_task4;2023-03-28 00:02:06
mision85;T8_task8;2023-03-28 00:02:18
mision85;T1_enter;2023-03-28 00:02:50
mision85;T6_enter;2023-03-28 00:02:58
mision85;T1_task1;2023-03-28 00:03:39
mision85;T6_task6;2023-03-28 00:03:47
mision85;T2_enter;2023-03-28 00:24:33
mision85;T2_task2;2023-03-28 00:25:22
mision85;T5_enter;2023-03-28 00:30:46
mision85;T5_task5;2023-03-28 00:31:35
mision85;T1-T8_task9;2023-03-28 00:31:47
mision86;T4_enter;2023-03-29 00:00:40
mision86;T7_enter;2023-03-29 00:00:54
mision86;T8_enter;2023-03-29 00:00:54
mision86;T4_task4;2023-03-29 00:01:29
mision86;T7_task7;2023-03-29 00:01:43
mision86;T8_task8;2023-03-29 00:01:43
mision86;T3_enter;2023-03-29 00:03:59
mision86;T6_enter;2023-03-29 00:04:14
mision86;T2_enter;2023-03-29 00:04:45
mision86;T3_task3;2023-03-29 00:04:48
mision86;T5_enter;2023-03-29 00:05:01
mision86;T6_task6;2023-03-29 00:05:03
mision86;T2_task2;2023-03-29 00:05:34
mision86;T1_enter;2023-03-29 00:05:46
mision86;T5_task5;2023-03-29 00:05:50
mision86;T1_task1;2023-03-29 00:06:35
mision86;T1-T8_task9;2023-03-29 00:06:47
mision87;T7_enter;2023-03-30 00:01:08
mision87;T4_enter;2023-03-30 00:01:20
mision87;T8_enter;2023-03-30 00:01:32
mision87;T7_task7;2023-03-30 00:01:57
mision87;T6_enter;2023-03-30 00:02:01
mision87;T4_task4;2023-03-30 00:02:09
mision87;T8_task8;2023-03-30 00:02:21
mision87;T6_task6;2023-03-30 00:02:50
mision87;T5_enter;2023-03-30 00:02:52
mision87;T5_task5;2023-03-30 00:03:41
mision87;T2_enter;2023-03-30 00:04:08
mision87;T3_enter;2023-03-30 00:04:39
mision87;T2_task2;2023-03-30 00:04:57
mision87;T1_enter;2023-03-30 00:05:21
mision87;T3_task3;2023-03-30 00:05:28
mision87;T1_task1;2023-03-30 00:06:10
mision87;T1-T8_task9;2023-03-30 00:06:22
mision88;T8_enter;2023-03-31 00:00:41
mision88;T3_enter;2023-03-31 00:00:42
mision88;T8_task8;2023-03-31 00:01:30
mision88;T3_task3;2023-03-31 00:01:31
mision88;T6_enter;2023-03-31 00:01:31
mision88;T7_enter;2023-03-31 00:01:44
mision88;T4_enter;2023-03-31 00:02:03
mision88;T6_task6;2023-03-31 00:02:20
mision88;T7_task7;2023-03-31 00:02:33
mision88;T4_task4;2023-03-31 00:02:52
mision88;T1_enter;2023-03-31 00:03:59
mision88;T1_task1;2023-03-31 00:04:48
mision88;T2_enter;2023-03-31 00:07:06
mision88;T2_task2;2023-03-31 00:07:55
mision88;T5_enter;2023-03-31 00:15:08
mision88;T5_task5;2023-03-31 00:15:57
mision88;T1-T8_task9;2023-03-31 00:16:09
mision89;T3_enter;2023-04-01 00:00:38
mision89;T8_enter;2023-04-01 00:00:48
mision89;T4_enter;2023-04-01 00:01:19
mision89;T3_task3;2023-04-01 00:01:27
mision89;T8_task8;2023-04-01 00:01:37
mision89;T2_enter;2023-04-01 00:01:54
mision89;T4_task4;2023-04-01 00:02:08
mision89;T6_enter;2023-04-01 00:02:37
mision89;T2_task2;2023-04-01 00:02:43
mision89;T6_task6;2023-04-01 00:03:26
mision89;T7_enter;2023-04-01 00:03:29
mision89;T7_task7;2023-04-01 00:04:18
mision89;T1_enter;2023-04-01 00:05:23
mision89;T1_task1;2023-04-01 00:06:12
mision89;T5_enter;2023-04-01 00:06:38
mision89;T5_task5;2023-04-01 00:07:27
mision89;T1-T8_task9;2023-04-01 00:07:40
mision90;T8_enter;2023-04-02 00:01:18
mision90;T7_enter;2023-04-02 00:01:24
mision90;T4_enter;2023-04-02 00:01:25
mision90;T8_task8;2023-04-02 00:02:07
mision90;T7_task7;2023-04-02 00:02:13
mision90;T4_task4;2023-04-02 00:02:14
mision90;T2_enter;2023-04-02 00:03:05
mision90;T2_task2;2023-04-02 00:03:54
mision90;T1_enter;2023-04-02 00:04:40
mision90;T1_task1;2023-04-02 00:05:29
mision90;T5_enter;2023-04-02 00:06:36
mision90;T5_task5;2023-04-02 00:07:25
mision90;T3_enter;2023-04-02 00:11:18
mision90;T6_enter;2023-04-02 00:11:47
mision90;T3_task3;2023-04-02 00:12:07
mision90;T6_task6;2023-04-02 00:12:36
mision90;T1-T8_task9;2023-04-02 00:12:48
mision91;T7_enter;2023-04-03 00:00:35
mision91;T7_task7;2023-04-03 00:01:24
mision91;T6_enter;2023-04-03 00:01:38
mision91;T4_enter;2023-04-03 00:01:38
mision91;T2_enter;2023-04-03 00:02:02
mision91;T6_task6;2023-04-03 00:02:27
mision91;T4_task4;2023-04-03 00:02:27
mision91;T3_enter;2023-04-03 00:02:37
mision91;T2_task2;2023-04-03 00:02:51
mision91;T3_task3;2023-04-03 00:03:26
mision91;T8_enter;2023-04-03 00:10:09
mision91;T8_task8;2023-04-03 00:10:58
mision91;T1_enter;2023-04-03 00:13:28
mision91;T1_task1;2023-04-03 00:14:17
mision91;T5_enter;2023-04-03 00:19:12
mision91;T5_task5;2023-04-03 00:20:01
mision91;T1-T8_task9;2023-04-03 00:20:13
mision92;T7_enter;2023-04-04 00:00:24
mision92;T3_enter;2023-04-04 00:00:42
mision92;T7_task7;2023-04-04 00:01:13
mision92;T8_enter;2023-04-04 00:01:25
mision92;T3_task3;2023-04-04 00:01:31
mision92;T4_enter;2023-04-04 00:01:54
mision92;T8_task8;2023-04-04 00:02:14
mision92;T4_task4;2023-04-04 00:02:43
mision92;T2_enter;2023-04-04 00:04:08
mision92;T2_task2;2023-04-04 00:04:57
mision92;T1_enter;2023-04-04 00:05:24
mision92;T1_task1;2023-04-04 00:06:13
mision92;T5_enter;2023-04-04 00:07:51
mision92;T5_task5;2023-04-04 00:08:40
mision92;T6_enter;2023-04-04 00:23:01
mision92;T6_task6;2023-04-04 00:23:50
mision92;T1-T8_task9;2023-04-04 00:24:02
mision93;T7_enter;2023-04-05 00:00:34
mision93;T4_enter;2023-04-05 00:01:03
mision93;T8_enter;2023-04-05 00:01:17
mision93;T7_task7;2023-04-05 00:01:23
mision93;T6_enter;2023-04-05 00:01:43
mision93;T4_task4;2023-04-05 00:01:52
mision93;T8_task8;2023-04-05 00:02:06
mision93;T6_task6;2023-04-05 00:02:32
mision93;T1_enter;2023-04-05 00:02:37
mision93;T1_task1;2023-04-05 00:03:26
mision93;T2_enter;2023-04-05 00:04:03
mision93;T2_task2;2023-04-05 00:04:52
mision93;T3_enter;2023-04-05 00:05:57
mision93;T3_task3;2023-04-05 00:06:46
mision93;T5_enter;2023-04-05 00:52:56
mision93;T5_task5;2023-04-05 00:53:45
mision93;T1-T8_task9;2023-04-05 00:53:57
mision94;T7_enter;2023-04-06 00:00:21
mision94;T6_enter;2023-04-06 00:01:10
mision94;T7_task7;2023-04-06 00:01:10
mision94;T4_enter;2023-04-06 00:01:50
mision94;T6_task6;2023-04-06 00:01:59
mision94;T3_enter;2023-04-06 00:02:26
mision94;T1_enter;2023-04-06 00:02:33
mision94;T4_task4;2023-04-06 00:02:39
mision94;T3_task3;2023-04-06 00:03:15
mision94;T1_task1;2023-04-06 00:03:22
mision94;T2_enter;2023-04-06 00:03:58
mision94;T8_enter;2023-04-06 00:04:17
mision94;T2_task2;2023-04-06 00:04:47
mision94;T8_task8;2023-04-06 00:05:06
mision94;T5_enter;2023-04-06 00:25:26
mision94;T5_task5;2023-04-06 00:26:15
mision94;T1-T8_task9;2023-04-06 00:26:27
